barangay,household_id,financial_accounts
Anitap,ANI-0001,A
Anitap,ANI-0002,Z
Anitap,ANI-0003,D
Anitap,ANI-0004,C
Anitap,ANI-0005,A
Anitap,ANI-0006,F
Anitap,ANI-0007,E
Anitap,ANI-0008,F
Anitap,ANI-0009,F
Anitap,ANI-0010,D
Anitap,ANI-0011,B
Anitap,ANI-0012,B
Anitap,ANI-0013,B
Anitap,ANI-0014,G
Anitap,ANI-0015,G
Anitap,ANI-0016,C
Anitap,ANI-0017,E
Anitap,ANI-0018,D
Anitap,ANI-0019,E
Anitap,ANI-0020,B
Anitap,ANI-0021,B
Anitap,ANI-0022,A
Anitap,ANI-0023,Y
Anitap,ANI-0024,Z
Anitap,ANI-0025,Y
Anitap,ANI-0026,B
Anitap,ANI-0027,Z
Anitap,ANI-0028,B
Anitap,ANI-0029,D
Anitap,ANI-0030,Z
Manuel Roxas,MAN-0001,G
Manuel Roxas,MAN-0002,E
Manuel Roxas,MAN-0003,D
Manuel Roxas,MAN-0004,A
Manuel Roxas,MAN-0005,A
Manuel Roxas,MAN-0006,E
Manuel Roxas,MAN-0007,E
Manuel Roxas,MAN-0008,F
Manuel Roxas,MAN-0009,Z
Manuel Roxas,MAN-0010,G
Manuel Roxas,MAN-0011,B
Manuel Roxas,MAN-0012,Y
Manuel Roxas,MAN-0013,E
Manuel Roxas,MAN-0014,G
Manuel Roxas,MAN-0015,E
Manuel Roxas,MAN-0016,Z
Manuel Roxas,MAN-0017,D
Manuel Roxas,MAN-0018,A
Manuel Roxas,MAN-0019,E
Manuel Roxas,MAN-0020,G
Manuel Roxas,MAN-0021,F
Manuel Roxas,MAN-0022,Y
Manuel Roxas,MAN-0023,G
Manuel Roxas,MAN-0024,B
Manuel Roxas,MAN-0025,Z
Manuel Roxas,MAN-0026,D
Manuel Roxas,MAN-0027,B
Manuel Roxas,MAN-0028,F
Manuel Roxas,MAN-0029,E
Manuel Roxas,MAN-0030,A
Manuel Roxas,MAN-0031,Y
Manuel Roxas,MAN-0032,G
Manuel Roxas,MAN-0033,Y
Manuel Roxas,MAN-0034,Y
Manuel Roxas,MAN-0035,Z
Manuel Roxas,MAN-0036,E
Manuel Roxas,MAN-0037,G
Manuel Roxas,MAN-0038,F
Manuel Roxas,MAN-0039,A
Manuel Roxas,MAN-0040,F
Manuel Roxas,MAN-0041,E
Manuel Roxas,MAN-0042,A
Manuel Roxas,MAN-0043,Z
Manuel Roxas,MAN-0044,Y
Manuel Roxas,MAN-0045,A
Manuel Roxas,MAN-0046,E
Manuel Roxas,MAN-0047,C
Manuel Roxas,MAN-0048,F
Manuel Roxas,MAN-0049,F
Manuel Roxas,MAN-0050,F
Manuel Roxas,MAN-0051,Z
Manuel Roxas,MAN-0052,C
Manuel Roxas,MAN-0053,B
Manuel Roxas,MAN-0054,B
Manuel Roxas,MAN-0055,B
Manuel Roxas,MAN-0056,D
Manuel Roxas,MAN-0057,G
Manuel Roxas,MAN-0058,B
Don Aurelio Chicote,DON-0001,A
Don Aurelio Chicote,DON-0002,C
Don Aurelio Chicote,DON-0003,A
Don Aurelio Chicote,DON-0004,C
Don Aurelio Chicote,DON-0005,Y
Don Aurelio Chicote,DON-0006,C
Don Aurelio Chicote,DON-0007,A
Don Aurelio Chicote,DON-0008,B
Don Aurelio Chicote,DON-0009,Y
Don Aurelio Chicote,DON-0010,C
Don Aurelio Chicote,DON-0011,B
Don Aurelio Chicote,DON-0012,E
Don Aurelio Chicote,DON-0013,C
Don Aurelio Chicote,DON-0014,F
Don Aurelio Chicote,DON-0015,F
Don Aurelio Chicote,DON-0016,G
Don Aurelio Chicote,DON-0017,A
Don Aurelio Chicote,DON-0018,Z
Don Aurelio Chicote,DON-0019,F
Don Aurelio Chicote,DON-0020,D
Don Aurelio Chicote,DON-0021,G
Don Aurelio Chicote,DON-0022,B
Don Aurelio Chicote,DON-0023,A
Don Aurelio Chicote,DON-0024,A
Don Aurelio Chicote,DON-0025,C
Don Aurelio Chicote,DON-0026,F
Don Aurelio Chicote,DON-0027,Z
Don Aurelio Chicote,DON-0028,Z
Don Aurelio Chicote,DON-0029,Y
Don Aurelio Chicote,DON-0030,F
Don Aurelio Chicote,DON-0031,Z
Don Aurelio Chicote,DON-0032,F
Don Aurelio Chicote,DON-0033,C
Don Aurelio Chicote,DON-0034,F
Don Aurelio Chicote,DON-0035,A
Don Aurelio Chicote,DON-0036,F
Don Aurelio Chicote,DON-0037,F
Don Aurelio Chicote,DON-0038,B
Don Aurelio Chicote,DON-0039,B
Don Aurelio Chicote,DON-0040,A
Don Aurelio Chicote,DON-0041,F
Don Aurelio Chicote,DON-0042,E
Don Aurelio Chicote,DON-0043,D
Don Aurelio Chicote,DON-0044,Z
Don Aurelio Chicote,DON-0045,B
Don Aurelio Chicote,DON-0046,D
Don Aurelio Chicote,DON-0047,F
Don Aurelio Chicote,DON-0048,A
Don Aurelio Chicote,DON-0049,F
Don Aurelio Chicote,DON-0050,B
Don Aurelio Chicote,DON-0051,B
Don Aurelio Chicote,DON-0052,Y
Don Aurelio Chicote,DON-0053,B
Don Aurelio Chicote,DON-0054,F
Don Aurelio Chicote,DON-0055,E
Don Aurelio Chicote,DON-0056,A
Don Aurelio Chicote,DON-0057,E
Don Aurelio Chicote,DON-0058,F
Don Aurelio Chicote,DON-0059,D
Don Aurelio Chicote,DON-0060,B
Don Aurelio Chicote,DON-0061,G
Lavigan,LAV-0001,E
Lavigan,LAV-0002,G
Lavigan,LAV-0003,A
Lavigan,LAV-0004,E
Lavigan,LAV-0005,G
Lavigan,LAV-0006,Y
Lavigan,LAV-0007,A
Lavigan,LAV-0008,C
Lavigan,LAV-0009,Z
Lavigan,LAV-0010,Z
Lavigan,LAV-0011,Y
Lavigan,LAV-0012,D
Lavigan,LAV-0013,Z
Lavigan,LAV-0014,F
Lavigan,LAV-0015,B
Lavigan,LAV-0016,D
Lavigan,LAV-0017,C
Lavigan,LAV-0018,E
Lavigan,LAV-0019,D
Lavigan,LAV-0020,F
Lavigan,LAV-0021,C
Lavigan,LAV-0022,D
Lavigan,LAV-0023,G
Lavigan,LAV-0024,B
Lavigan,LAV-0025,C
Lavigan,LAV-0026,C
Lavigan,LAV-0027,B
Lavigan,LAV-0028,E
Lavigan,LAV-0029,F
Lavigan,LAV-0030,Y
Lavigan,LAV-0031,G
Lavigan,LAV-0032,F
Lavigan,LAV-0033,B
Lavigan,LAV-0034,Y
Lavigan,LAV-0035,A
Lavigan,LAV-0036,C
Lavigan,LAV-0037,F
Lavigan,LAV-0038,Z
Lavigan,LAV-0039,A
Lavigan,LAV-0040,B
Lavigan,LAV-0041,B
Lavigan,LAV-0042,E
Lavigan,LAV-0043,C
Lavigan,LAV-0044,Z
Lavigan,LAV-0045,Z
Lavigan,LAV-0046,C
Lavigan,LAV-0047,Z
Lavigan,LAV-0048,G
Lavigan,LAV-0049,Z
Lavigan,LAV-0050,B
Lavigan,LAV-0051,G
Lavigan,LAV-0052,E
Lavigan,LAV-0053,B
Lavigan,LAV-0054,D
Lavigan,LAV-0055,F
Lavigan,LAV-0056,Z
Lavigan,LAV-0057,C
Lavigan,LAV-0058,B
Luzon,LUZ-0001,D
Luzon,LUZ-0002,Y
Luzon,LUZ-0003,F
Luzon,LUZ-0004,A
Luzon,LUZ-0005,Y
Luzon,LUZ-0006,Y
Luzon,LUZ-0007,A
Luzon,LUZ-0008,Z
Luzon,LUZ-0009,Z
Luzon,LUZ-0010,A
Luzon,LUZ-0011,Y
Luzon,LUZ-0012,Z
Luzon,LUZ-0013,B
Luzon,LUZ-0014,G
Luzon,LUZ-0015,B
Luzon,LUZ-0016,G
Luzon,LUZ-0017,Y
Luzon,LUZ-0018,E
Luzon,LUZ-0019,G
Luzon,LUZ-0020,A
Luzon,LUZ-0021,A
Luzon,LUZ-0022,Z
Luzon,LUZ-0023,F
Luzon,LUZ-0024,A
Luzon,LUZ-0025,C
Luzon,LUZ-0026,B
Luzon,LUZ-0027,C
Luzon,LUZ-0028,E
Luzon,LUZ-0029,Y
Luzon,LUZ-0030,C
Luzon,LUZ-0031,G
Luzon,LUZ-0032,Z
Luzon,LUZ-0033,A
Luzon,LUZ-0034,B
Luzon,LUZ-0035,Z
Luzon,LUZ-0036,D
Luzon,LUZ-0037,C
Luzon,LUZ-0038,F
Luzon,LUZ-0039,Y
Luzon,LUZ-0040,Y
Luzon,LUZ-0041,C
Luzon,LUZ-0042,G
Luzon,LUZ-0043,A
Luzon,LUZ-0044,G
Luzon,LUZ-0045,G
Luzon,LUZ-0046,C
Luzon,LUZ-0047,Z
Luzon,LUZ-0048,A
Luzon,LUZ-0049,D
Luzon,LUZ-0050,Y
Luzon,LUZ-0051,B
Luzon,LUZ-0052,Z
Luzon,LUZ-0053,F
Luzon,LUZ-0054,F
Luzon,LUZ-0055,B
Luzon,LUZ-0056,D
Luzon,LUZ-0057,B
Luzon,LUZ-0058,F
Luzon,LUZ-0059,E
Luzon,LUZ-0060,A
Luzon,LUZ-0061,F
Luzon,LUZ-0062,Y
Luzon,LUZ-0063,F
Luzon,LUZ-0064,C
Luzon,LUZ-0065,G
Luzon,LUZ-0066,C
Magdug,MAG-0001,F
Magdug,MAG-0002,B
Magdug,MAG-0003,C
Magdug,MAG-0004,Y
Magdug,MAG-0005,C
Magdug,MAG-0006,Y
Magdug,MAG-0007,G
Magdug,MAG-0008,Z
Magdug,MAG-0009,B
Magdug,MAG-0010,B
Magdug,MAG-0011,E
Magdug,MAG-0012,A
Magdug,MAG-0013,Z
Magdug,MAG-0014,F
Magdug,MAG-0015,G
Magdug,MAG-0016,F
Magdug,MAG-0017,G
Magdug,MAG-0018,Z
Magdug,MAG-0019,Y
Magdug,MAG-0020,A
Magdug,MAG-0021,B
Magdug,MAG-0022,Y
Magdug,MAG-0023,G
Magdug,MAG-0024,F
Magdug,MAG-0025,G
Magdug,MAG-0026,Y
Magdug,MAG-0027,E
Magdug,MAG-0028,E
Magdug,MAG-0029,A
Magdug,MAG-0030,G
Magdug,MAG-0031,Z
Magdug,MAG-0032,C
Magdug,MAG-0033,Y
Magdug,MAG-0034,Y
Magdug,MAG-0035,E
Magdug,MAG-0036,B
Magdug,MAG-0037,E
Magdug,MAG-0038,B
Magdug,MAG-0039,Z
Magdug,MAG-0040,A
Magdug,MAG-0041,D
Magdug,MAG-0042,Y
Magdug,MAG-0043,Y
Magdug,MAG-0044,F
Magdug,MAG-0045,F
Magdug,MAG-0046,D
Magdug,MAG-0047,D
Magdug,MAG-0048,Y
Magdug,MAG-0049,A
Magdug,MAG-0050,F
Magdug,MAG-0051,B
Magdug,MAG-0052,A
Monserrat,MON-0001,Z
Monserrat,MON-0002,A
Monserrat,MON-0003,G
Monserrat,MON-0004,Y
Monserrat,MON-0005,Y
Monserrat,MON-0006,A
Monserrat,MON-0007,D
Monserrat,MON-0008,A
Monserrat,MON-0009,Z
Monserrat,MON-0010,F
Monserrat,MON-0011,C
Monserrat,MON-0012,Y
Monserrat,MON-0013,C
Monserrat,MON-0014,C
Monserrat,MON-0015,Y
Monserrat,MON-0016,C
Monserrat,MON-0017,B
Monserrat,MON-0018,D
Monserrat,MON-0019,A
Monserrat,MON-0020,E
Monserrat,MON-0021,Z
Monserrat,MON-0022,D
Monserrat,MON-0023,E
Monserrat,MON-0024,C
Monserrat,MON-0025,G
Monserrat,MON-0026,A
Monserrat,MON-0027,E
Monserrat,MON-0028,D
Monserrat,MON-0029,C
Monserrat,MON-0030,G
Monserrat,MON-0031,A
Monserrat,MON-0032,G
Monserrat,MON-0033,B
Monserrat,MON-0034,A
Monserrat,MON-0035,G
Monserrat,MON-0036,Z
Monserrat,MON-0037,G
Monserrat,MON-0038,F
Monserrat,MON-0039,Y
Monserrat,MON-0040,Z
Monserrat,MON-0041,C
Monserrat,MON-0042,A
Monserrat,MON-0043,Z
Nangan,NAN-0001,E
Nangan,NAN-0002,E
Nangan,NAN-0003,B
Nangan,NAN-0004,G
Nangan,NAN-0005,C
Nangan,NAN-0006,F
Nangan,NAN-0007,Y
Nangan,NAN-0008,D
Nangan,NAN-0009,Z
Nangan,NAN-0010,Z
Nangan,NAN-0011,F
Nangan,NAN-0012,E
Nangan,NAN-0013,B
Nangan,NAN-0014,A
Nangan,NAN-0015,E
Nangan,NAN-0016,Z
Nangan,NAN-0017,E
Nangan,NAN-0018,E
Nangan,NAN-0019,G
Nangan,NAN-0020,B
Nangan,NAN-0021,E
Nangan,NAN-0022,A
Nangan,NAN-0023,E
Nangan,NAN-0024,Y
Nangan,NAN-0025,F
Nangan,NAN-0026,Z
Nangan,NAN-0027,E
Nangan,NAN-0028,G
Nangan,NAN-0029,D
Nangan,NAN-0030,Z
Nangan,NAN-0031,A
Nangan,NAN-0032,Y
Nangan,NAN-0033,Z
Nangan,NAN-0034,Y
Nangan,NAN-0035,Y
Nangan,NAN-0036,Y
Nangan,NAN-0037,B
Nangan,NAN-0038,E
Nangan,NAN-0039,E
Nangan,NAN-0040,A
Nangan,NAN-0041,A
Nangan,NAN-0042,Y
Nangan,NAN-0043,Z
Nangan,NAN-0044,E
Nangan,NAN-0045,F
Nangan,NAN-0046,B
Nangan,NAN-0047,B
Nangan,NAN-0048,Y
Nangan,NAN-0049,B
Nangan,NAN-0050,B
Nangan,NAN-0051,B
Nangan,NAN-0052,A
Nangan,NAN-0053,B
Nangan,NAN-0054,D
Nangan,NAN-0055,Z
Nangan,NAN-0056,C
Nangan,NAN-0057,A
Nangan,NAN-0058,C
Nangan,NAN-0059,B
Nangan,NAN-0060,Z
Nangan,NAN-0061,F
Nangan,NAN-0062,B
Nangan,NAN-0063,E
Nangan,NAN-0064,C
Nangan,NAN-0065,Y
Nangan,NAN-0066,C
Nangan,NAN-0067,E
Nangan,NAN-0068,D
Nangan,NAN-0069,B
Nangan,NAN-0070,B
Nangan,NAN-0071,A
Nangan,NAN-0072,B
Nangan,NAN-0073,Z
Nangan,NAN-0074,B
Nangan,NAN-0075,B
Nangan,NAN-0076,E
Nangan,NAN-0077,Z
Nangan,NAN-0078,Z
Nangan,NAN-0079,Z
Nangan,NAN-0080,Z
Nangan,NAN-0081,Y
Nangan,NAN-0082,Z
Nangan,NAN-0083,Y
Nangan,NAN-0084,B
Nangan,NAN-0085,B
Nangan,NAN-0086,B
Nangan,NAN-0087,G
Nangan,NAN-0088,D
Nangan,NAN-0089,E
Nangan,NAN-0090,F
Nangan,NAN-0091,B
Nangan,NAN-0092,F
Nangan,NAN-0093,D
Nangan,NAN-0094,Y
Nangan,NAN-0095,F
Nangan,NAN-0096,A
Nangan,NAN-0097,E
Nangan,NAN-0098,Y
Nangan,NAN-0099,G
Nangan,NAN-0100,B
Nangan,NAN-0101,F
Nangan,NAN-0102,Y
Nangan,NAN-0103,G
Nangan,NAN-0104,G
Nangan,NAN-0105,E
Nangan,NAN-0106,F
Nangan,NAN-0107,Y
Nangan,NAN-0108,A
Nangan,NAN-0109,A
Nangan,NAN-0110,D
Nangan,NAN-0111,E
Nangan,NAN-0112,F
Oregon,ORE-0001,C
Oregon,ORE-0002,A
Oregon,ORE-0003,G
Oregon,ORE-0004,G
Oregon,ORE-0005,G
Oregon,ORE-0006,G
Oregon,ORE-0007,B
Oregon,ORE-0008,D
Oregon,ORE-0009,G
Oregon,ORE-0010,A
Oregon,ORE-0011,C
Oregon,ORE-0012,C
Oregon,ORE-0013,Y
Oregon,ORE-0014,B
Oregon,ORE-0015,B
Oregon,ORE-0016,B
Oregon,ORE-0017,Z
Oregon,ORE-0018,C
Oregon,ORE-0019,E
Oregon,ORE-0020,F
Oregon,ORE-0021,A
Oregon,ORE-0022,G
Oregon,ORE-0023,Y
Oregon,ORE-0024,Z
Oregon,ORE-0025,A
Oregon,ORE-0026,Y
Poblacion,POB-0001,Z
Poblacion,POB-0002,F
Poblacion,POB-0003,C
Poblacion,POB-0004,D
Poblacion,POB-0005,F
Poblacion,POB-0006,A
Poblacion,POB-0007,B
Poblacion,POB-0008,G
Poblacion,POB-0009,C
Poblacion,POB-0010,Z
Poblacion,POB-0011,Z
Poblacion,POB-0012,B
Poblacion,POB-0013,B
Poblacion,POB-0014,A
Poblacion,POB-0015,F
Poblacion,POB-0016,Y
Poblacion,POB-0017,F
Poblacion,POB-0018,Z
Poblacion,POB-0019,D
Poblacion,POB-0020,F
Poblacion,POB-0021,C
Poblacion,POB-0022,C
Poblacion,POB-0023,C
Poblacion,POB-0024,B
Poblacion,POB-0025,C
Poblacion,POB-0026,G
Poblacion,POB-0027,C
Poblacion,POB-0028,E
Poblacion,POB-0029,Z
Poblacion,POB-0030,B
Poblacion,POB-0031,C
Poblacion,POB-0032,E
Poblacion,POB-0033,Z
Poblacion,POB-0034,F
Poblacion,POB-0035,D
Poblacion,POB-0036,Y
Poblacion,POB-0037,Y
Poblacion,POB-0038,G
Poblacion,POB-0039,A
Poblacion,POB-0040,C
Poblacion,POB-0041,B
Poblacion,POB-0042,B
Poblacion,POB-0043,Y
Poblacion,POB-0044,A
Poblacion,POB-0045,G
Poblacion,POB-0046,F
Poblacion,POB-0047,Y
Poblacion,POB-0048,Z
Poblacion,POB-0049,Y
Poblacion,POB-0050,F
Poblacion,POB-0051,F
Poblacion,POB-0052,D
Poblacion,POB-0053,B
Poblacion,POB-0054,A
Poblacion,POB-0055,E
Poblacion,POB-0056,G
Poblacion,POB-0057,A
Poblacion,POB-0058,B
Poblacion,POB-0059,G
Poblacion,POB-0060,E
Poblacion,POB-0061,G
Poblacion,POB-0062,A
Poblacion,POB-0063,A
Poblacion,POB-0064,B
Poblacion,POB-0065,C
Poblacion,POB-0066,D
Poblacion,POB-0067,F
Poblacion,POB-0068,G
Poblacion,POB-0069,C
Poblacion,POB-0070,A
Poblacion,POB-0071,C
Poblacion,POB-0072,B
Poblacion,POB-0073,E
Poblacion,POB-0074,Z
Poblacion,POB-0075,E
Poblacion,POB-0076,C
Poblacion,POB-0077,B
Poblacion,POB-0078,A
Poblacion,POB-0079,A
Poblacion,POB-0080,A
Poblacion,POB-0081,Z
Poblacion,POB-0082,G
Poblacion,POB-0083,A
Poblacion,POB-0084,Z
Poblacion,POB-0085,F
Poblacion,POB-0086,D
Poblacion,POB-0087,C
Poblacion,POB-0088,G
Poblacion,POB-0089,F
Poblacion,POB-0090,Y
Poblacion,POB-0091,B
Poblacion,POB-0092,Z
Poblacion,POB-0093,C
Poblacion,POB-0094,Y
Poblacion,POB-0095,F
Poblacion,POB-0096,Y
Poblacion,POB-0097,D
Poblacion,POB-0098,Z
Poblacion,POB-0099,Z
Poblacion,POB-0100,E
Poblacion,POB-0101,Y
Poblacion,POB-0102,E
Poblacion,POB-0103,E
Poblacion,POB-0104,G
Poblacion,POB-0105,Y
Poblacion,POB-0106,B
Poblacion,POB-0107,Z
Poblacion,POB-0108,Z
Poblacion,POB-0109,F
Poblacion,POB-0110,A
Poblacion,POB-0111,E
Poblacion,POB-0112,A
Poblacion,POB-0113,G
Poblacion,POB-0114,F
Poblacion,POB-0115,F
Poblacion,POB-0116,G
Poblacion,POB-0117,A
Poblacion,POB-0118,F
Poblacion,POB-0119,D
Poblacion,POB-0120,G
Poblacion,POB-0121,E
Poblacion,POB-0122,Z
Poblacion,POB-0123,D
Poblacion,POB-0124,F
Pundaguitan,PUN-0001,A
Pundaguitan,PUN-0002,C
Pundaguitan,PUN-0003,D
Pundaguitan,PUN-0004,G
Pundaguitan,PUN-0005,Y
Pundaguitan,PUN-0006,C
Pundaguitan,PUN-0007,B
Pundaguitan,PUN-0008,C
Pundaguitan,PUN-0009,Z
Pundaguitan,PUN-0010,B
Pundaguitan,PUN-0011,F
Pundaguitan,PUN-0012,C
Pundaguitan,PUN-0013,C
Pundaguitan,PUN-0014,E
Pundaguitan,PUN-0015,C
Pundaguitan,PUN-0016,D
Pundaguitan,PUN-0017,F
Pundaguitan,PUN-0018,A
Pundaguitan,PUN-0019,D
Pundaguitan,PUN-0020,G
Pundaguitan,PUN-0021,E
Pundaguitan,PUN-0022,Z
Pundaguitan,PUN-0023,G
Pundaguitan,PUN-0024,D
Pundaguitan,PUN-0025,Z
Pundaguitan,PUN-0026,Z
Pundaguitan,PUN-0027,E
Pundaguitan,PUN-0028,C
Pundaguitan,PUN-0029,E
Pundaguitan,PUN-0030,Z
Pundaguitan,PUN-0031,E
Pundaguitan,PUN-0032,Z
Pundaguitan,PUN-0033,A
Pundaguitan,PUN-0034,C
Pundaguitan,PUN-0035,F
Pundaguitan,PUN-0036,Z
Pundaguitan,PUN-0037,D
Pundaguitan,PUN-0038,E
Pundaguitan,PUN-0039,D
Pundaguitan,PUN-0040,C
Pundaguitan,PUN-0041,D
Pundaguitan,PUN-0042,F
Pundaguitan,PUN-0043,B
Pundaguitan,PUN-0044,C
Pundaguitan,PUN-0045,F
Pundaguitan,PUN-0046,Z
Pundaguitan,PUN-0047,Y
Pundaguitan,PUN-0048,G
Pundaguitan,PUN-0049,F
Pundaguitan,PUN-0050,G
Pundaguitan,PUN-0051,G
Pundaguitan,PUN-0052,A
Pundaguitan,PUN-0053,C
Pundaguitan,PUN-0054,B
Sergio Osmeña,SER-0001,C
Sergio Osmeña,SER-0002,E
Sergio Osmeña,SER-0003,B
Sergio Osmeña,SER-0004,D
Sergio Osmeña,SER-0005,D
Sergio Osmeña,SER-0006,G
Sergio Osmeña,SER-0007,E
Sergio Osmeña,SER-0008,E
Sergio Osmeña,SER-0009,D
Sergio Osmeña,SER-0010,F
Sergio Osmeña,SER-0011,C
Sergio Osmeña,SER-0012,Z
Sergio Osmeña,SER-0013,A
Sergio Osmeña,SER-0014,C
Sergio Osmeña,SER-0015,A
Sergio Osmeña,SER-0016,E
Sergio Osmeña,SER-0017,Z
Sergio Osmeña,SER-0018,B
Sergio Osmeña,SER-0019,G
Sergio Osmeña,SER-0020,E
Sergio Osmeña,SER-0021,E
Sergio Osmeña,SER-0022,E
Sergio Osmeña,SER-0023,Z
Sergio Osmeña,SER-0024,Y
Sergio Osmeña,SER-0025,A
Sergio Osmeña,SER-0026,F
Sergio Osmeña,SER-0027,A
Sergio Osmeña,SER-0028,E
Sergio Osmeña,SER-0029,A
Sergio Osmeña,SER-0030,Y
Sergio Osmeña,SER-0031,G
Sergio Osmeña,SER-0032,E
Sergio Osmeña,SER-0033,G
Sergio Osmeña,SER-0034,G
Sergio Osmeña,SER-0035,D
Sergio Osmeña,SER-0036,B
Sergio Osmeña,SER-0037,F
Sergio Osmeña,SER-0038,G
Sergio Osmeña,SER-0039,G
Sergio Osmeña,SER-0040,Z
Sergio Osmeña,SER-0041,F
Sergio Osmeña,SER-0042,C
Sergio Osmeña,SER-0043,A
Surop,SUR-0001,Y
Surop,SUR-0002,Z
Surop,SUR-0003,G
Surop,SUR-0004,Z
Surop,SUR-0005,E
Surop,SUR-0006,D
Surop,SUR-0007,Y
Surop,SUR-0008,Y
Surop,SUR-0009,B
Surop,SUR-0010,D
Surop,SUR-0011,F
Surop,SUR-0012,Z
Surop,SUR-0013,D
Surop,SUR-0014,D
Surop,SUR-0015,B
Surop,SUR-0016,A
Surop,SUR-0017,E
Surop,SUR-0018,Y
Surop,SUR-0019,Y
Surop,SUR-0020,E
Surop,SUR-0021,B
Surop,SUR-0022,Z
Surop,SUR-0023,Y
Surop,SUR-0024,F
Surop,SUR-0025,B
Surop,SUR-0026,Y
Surop,SUR-0027,C
Surop,SUR-0028,Z
Surop,SUR-0029,G
Surop,SUR-0030,Y
Surop,SUR-0031,Z
Surop,SUR-0032,B
Surop,SUR-0033,A
Surop,SUR-0034,B
Surop,SUR-0035,G
Surop,SUR-0036,Z
Surop,SUR-0037,D
Surop,SUR-0038,G
Surop,SUR-0039,G
Surop,SUR-0040,E
Surop,SUR-0041,G
Surop,SUR-0042,Y
Surop,SUR-0043,B
Surop,SUR-0044,E
Surop,SUR-0045,D
Surop,SUR-0046,F
Surop,SUR-0047,C
Surop,SUR-0048,G
Surop,SUR-0049,F
Surop,SUR-0050,A
Surop,SUR-0051,Y
Surop,SUR-0052,A
Surop,SUR-0053,G
Surop,SUR-0054,Y
Surop,SUR-0055,Y
Surop,SUR-0056,Y
Surop,SUR-0057,Z
Surop,SUR-0058,Z
Tagabebe,TAG-0001,B
Tagabebe,TAG-0002,B
Tagabebe,TAG-0003,G
Tagabebe,TAG-0004,C
Tagabebe,TAG-0005,E
Tagabebe,TAG-0006,B
Tagabebe,TAG-0007,A
Tagabebe,TAG-0008,G
Tagabebe,TAG-0009,A
Tagabebe,TAG-0010,Y
Tagabebe,TAG-0011,C
Tagabebe,TAG-0012,G
Tagabebe,TAG-0013,A
Tagabebe,TAG-0014,D
Tagabebe,TAG-0015,F
Tagabebe,TAG-0016,G
Tagabebe,TAG-0017,B
Tagabebe,TAG-0018,Y
Tagabebe,TAG-0019,C
Tagabebe,TAG-0020,B
Tagabebe,TAG-0021,B
Tagabebe,TAG-0022,B
Tagabebe,TAG-0023,B
Tagabebe,TAG-0024,B
Tagabebe,TAG-0025,E
Tagabebe,TAG-0026,D
Tagabebe,TAG-0027,B
Tagabebe,TAG-0028,D
Tagabebe,TAG-0029,Z
Tagabebe,TAG-0030,C
Tagabebe,TAG-0031,E
Tagabebe,TAG-0032,G
Tagabebe,TAG-0033,C
Tagabebe,TAG-0034,C
Tagabebe,TAG-0035,C
Tagabebe,TAG-0036,G
Tagabebe,TAG-0037,D
Tagabebe,TAG-0038,F
Tagabebe,TAG-0039,A
Tagabebe,TAG-0040,E
Tagabebe,TAG-0041,D
Tagabebe,TAG-0042,Z
Tagabebe,TAG-0043,G
Tagabebe,TAG-0044,E
Tagabebe,TAG-0045,B
Tagabebe,TAG-0046,F
Tagabebe,TAG-0047,F
Tamban,TAM-0001,C
Tamban,TAM-0002,A
Tamban,TAM-0003,F
Tamban,TAM-0004,E
Tamban,TAM-0005,D
Tamban,TAM-0006,Z
Tamban,TAM-0007,C
Tamban,TAM-0008,G
Tamban,TAM-0009,D
Tamban,TAM-0010,B
Tamban,TAM-0011,D
Tamban,TAM-0012,D
Tamban,TAM-0013,Y
Tamban,TAM-0014,C
Tamban,TAM-0015,G
Tamban,TAM-0016,Y
Tamban,TAM-0017,C
Tamban,TAM-0018,F
Tamban,TAM-0019,B
Tamban,TAM-0020,Z
Tamban,TAM-0021,Z
Tamban,TAM-0022,Z
Tamban,TAM-0023,C
Tamban,TAM-0024,E
Tamban,TAM-0025,A
Tamban,TAM-0026,Y
Tamban,TAM-0027,Z
Tamban,TAM-0028,F
Tamban,TAM-0029,E
Tamban,TAM-0030,A
Tamban,TAM-0031,D
Tamban,TAM-0032,E
Tamban,TAM-0033,E
Tamban,TAM-0034,C
Tamban,TAM-0035,C
Tamban,TAM-0036,Z
Tandang Sora,TAN-0001,C
Tandang Sora,TAN-0002,C
Tandang Sora,TAN-0003,Y
Tandang Sora,TAN-0004,Y
Tandang Sora,TAN-0005,B
Tandang Sora,TAN-0006,B
Tandang Sora,TAN-0007,Y
Tandang Sora,TAN-0008,D
Tandang Sora,TAN-0009,B
Tandang Sora,TAN-0010,A
Tandang Sora,TAN-0011,Z
Tandang Sora,TAN-0012,B
Tandang Sora,TAN-0013,C
Tandang Sora,TAN-0014,C
Tandang Sora,TAN-0015,E
Tandang Sora,TAN-0016,Z
Tandang Sora,TAN-0017,Y
Tandang Sora,TAN-0018,G
Tandang Sora,TAN-0019,B
Tandang Sora,TAN-0020,Z
Tandang Sora,TAN-0021,E
Tandang Sora,TAN-0022,Z
Tandang Sora,TAN-0023,B
Tandang Sora,TAN-0024,E
Tandang Sora,TAN-0025,B
Tandang Sora,TAN-0026,C
Tandang Sora,TAN-0027,Z
Tandang Sora,TAN-0028,G
Tandang Sora,TAN-0029,F
Tandang Sora,TAN-0030,B
Tandang Sora,TAN-0031,G
Tandang Sora,TAN-0032,Y
Tandang Sora,TAN-0033,G
Tandang Sora,TAN-0034,Y
Tibanban,TIB-0001,F
Tibanban,TIB-0002,D
Tibanban,TIB-0003,C
Tibanban,TIB-0004,E
Tibanban,TIB-0005,F
Tibanban,TIB-0006,E
Tibanban,TIB-0007,E
Tibanban,TIB-0008,F
Tibanban,TIB-0009,Z
Tibanban,TIB-0010,C
Tibanban,TIB-0011,B
Tibanban,TIB-0012,C
Tibanban,TIB-0013,E
Tibanban,TIB-0014,Y
Tibanban,TIB-0015,D
Tibanban,TIB-0016,C
Tibanban,TIB-0017,G
Tibanban,TIB-0018,Y
Tibanban,TIB-0019,G
Tibanban,TIB-0020,E
Tibanban,TIB-0021,A
Tibanban,TIB-0022,C
Tibanban,TIB-0023,G
Tibanban,TIB-0024,A
Tibanban,TIB-0025,B
Tibanban,TIB-0026,F
Tibanban,TIB-0027,D
Tibanban,TIB-0028,Y
Tibanban,TIB-0029,F
Tibanban,TIB-0030,E
Tibanban,TIB-0031,G
Tibanban,TIB-0032,G
Tibanban,TIB-0033,B
Tibanban,TIB-0034,A
Tibanban,TIB-0035,Z
Tibanban,TIB-0036,B
Tibanban,TIB-0037,G
Tibanban,TIB-0038,B
Tibanban,TIB-0039,F
Tibanban,TIB-0040,F
Tibanban,TIB-0041,G
Tibanban,TIB-0042,C
Tibanban,TIB-0043,D
Tibanban,TIB-0044,D
Tibanban,TIB-0045,Z
Tibanban,TIB-0046,G
Tibanban,TIB-0047,Z
Tibanban,TIB-0048,E
Tibanban,TIB-0049,G
Tibanban,TIB-0050,D
Tibanban,TIB-0051,Y
Tibanban,TIB-0052,G
Tibanban,TIB-0053,G
Tibanban,TIB-0054,Z
Tibanban,TIB-0055,B
Tibanban,TIB-0056,B
Tibanban,TIB-0057,C
Tibanban,TIB-0058,Y
Tibanban,TIB-0059,B
Tibanban,TIB-0060,B
Tibanban,TIB-0061,E
Tibanban,TIB-0062,Z
Tibanban,TIB-0063,F
Tibanban,TIB-0064,E
Tibanban,TIB-0065,F
Tibanban,TIB-0066,A
Tibanban,TIB-0067,Z
Tibanban,TIB-0068,F
Tibanban,TIB-0069,D
Tibanban,TIB-0070,C
Tibanban,TIB-0071,G
Tibanban,TIB-0072,B
Tibanban,TIB-0073,G
Tibanban,TIB-0074,B
Tibanban,TIB-0075,D
Tibanban,TIB-0076,B
Tibanban,TIB-0077,E
Tibanban,TIB-0078,D
Tibanban,TIB-0079,E
Tibanban,TIB-0080,F
Tibanban,TIB-0081,G
Tibanban,TIB-0082,C
Tibanban,TIB-0083,Z
Tibanban,TIB-0084,Y
Tibanban,TIB-0085,C
Tibanban,TIB-0086,G
Tibanban,TIB-0087,Y
Tibanban,TIB-0088,A
Tibanban,TIB-0089,Y
Tibanban,TIB-0090,Y
Tibanban,TIB-0091,D
Tibanban,TIB-0092,C
Tibanban,TIB-0093,G
Tibanban,TIB-0094,Z
Tibanban,TIB-0095,F
Tibanban,TIB-0096,Z
Tibanban,TIB-0097,G
Tibanban,TIB-0098,B
Tibanban,TIB-0099,Y
Tibanban,TIB-0100,A
Tibanban,TIB-0101,F
Tibanban,TIB-0102,A
Tibanban,TIB-0103,A
Tibanban,TIB-0104,G
Tibanban,TIB-0105,E
Tibanban,TIB-0106,C
Tibanban,TIB-0107,A
Tibanban,TIB-0108,F
Tibanban,TIB-0109,E
Tibanban,TIB-0110,B
Tibanban,TIB-0111,G
Tibanban,TIB-0112,E
Tibanban,TIB-0113,D
Tibanban,TIB-0114,C
Tibanban,TIB-0115,G
Tibanban,TIB-0116,G
Tibanban,TIB-0117,E
Tibanban,TIB-0118,Y
Tibanban,TIB-0119,C
Tibanban,TIB-0120,C
Tibanban,TIB-0121,A
Tibanban,TIB-0122,A
Tibanban,TIB-0123,G
Tibanban,TIB-0124,C
Tibanban,TIB-0125,E
Tibanban,TIB-0126,F
Tibanban,TIB-0127,C
Tibanban,TIB-0128,Z
Tibanban,TIB-0129,F
Tibanban,TIB-0130,Z
Tibanban,TIB-0131,C
Tibanban,TIB-0132,D
Tibanban,TIB-0133,C
Tibanban,TIB-0134,A
Tibanban,TIB-0135,G
Tibanban,TIB-0136,Y
Tibanban,TIB-0137,F
Tibanban,TIB-0138,B
Tibanban,TIB-0139,D
Tibanban,TIB-0140,Y
Tibanban,TIB-0141,B
Tibanban,TIB-0142,A
Tibanban,TIB-0143,Y
Tibanban,TIB-0144,Y
Tibanban,TIB-0145,A
Tibanban,TIB-0146,F
Tibanban,TIB-0147,Z
Tibanban,TIB-0148,F
Tibanban,TIB-0149,Y
Tibanban,TIB-0150,Z
Tibanban,TIB-0151,D
Tibanban,TIB-0152,Y
Tibanban,TIB-0153,F
Tibanban,TIB-0154,G
Tibanban,TIB-0155,D
Tibanban,TIB-0156,A
Tibanban,TIB-0157,B
Tibanban,TIB-0158,F
Tibanban,TIB-0159,F
Tibanban,TIB-0160,D
Tibanban,TIB-0161,F
Tibanban,TIB-0162,F
Tibanban,TIB-0163,C
Tibanban,TIB-0164,A
Tibanban,TIB-0165,B
Tibanban,TIB-0166,Y
Tibanban,TIB-0167,Z
Tibanban,TIB-0168,C
Tibanban,TIB-0169,C
Tibanban,TIB-0170,E
Tibanban,TIB-0171,Z
Tibanban,TIB-0172,B
Tibanban,TIB-0173,G
Tibanban,TIB-0174,B
Tibanban,TIB-0175,F
Tibanban,TIB-0176,G
Tibanban,TIB-0177,D
Tibanban,TIB-0178,F
Tibanban,TIB-0179,C
Tibanban,TIB-0180,C
Tibanban,TIB-0181,G
Tibanban,TIB-0182,B
Tibanban,TIB-0183,Y
Tibanban,TIB-0184,F
Tibanban,TIB-0185,G
Tibanban,TIB-0186,C
Tibanban,TIB-0187,D
Tibanban,TIB-0188,E
Tibanban,TIB-0189,F
Tibanban,TIB-0190,Z
Tibanban,TIB-0191,E
Tibanban,TIB-0192,E
Tibanban,TIB-0193,F
Tibanban,TIB-0194,F
Tibanban,TIB-0195,D
Tibanban,TIB-0196,B
Tibanban,TIB-0197,B
Tibanban,TIB-0198,E
Tibanban,TIB-0199,Z
Tibanban,TIB-0200,F
Tibanban,TIB-0201,D
Tibanban,TIB-0202,Y
Tibanban,TIB-0203,Y
Tibanban,TIB-0204,Y
Tibanban,TIB-0205,G
Tibanban,TIB-0206,F
Tibanban,TIB-0207,D
Tibanban,TIB-0208,A
Tibanban,TIB-0209,Y
Tibanban,TIB-0210,A
Tibanban,TIB-0211,A
Tibanban,TIB-0212,Y
Tibanban,TIB-0213,D
Tibanban,TIB-0214,E
Tibanban,TIB-0215,Y
Tibanban,TIB-0216,A
Tibanban,TIB-0217,C
Tiblawan,TIB-0001,A
Tiblawan,TIB-0002,B
Tiblawan,TIB-0003,Y
Tiblawan,TIB-0004,Y
Tiblawan,TIB-0005,Z
Tiblawan,TIB-0006,Y
Tiblawan,TIB-0007,F
Tiblawan,TIB-0008,D
Tiblawan,TIB-0009,Y
Tiblawan,TIB-0010,E
Tiblawan,TIB-0011,Z
Tiblawan,TIB-0012,D
Tiblawan,TIB-0013,D
Tiblawan,TIB-0014,F
Tiblawan,TIB-0015,B
Tiblawan,TIB-0016,F
Tiblawan,TIB-0017,Z
Tiblawan,TIB-0018,E
Tiblawan,TIB-0019,D
Tiblawan,TIB-0020,A
Tiblawan,TIB-0021,F
Tiblawan,TIB-0022,Z
Tiblawan,TIB-0023,F
Tiblawan,TIB-0024,C
Tiblawan,TIB-0025,Z
Tiblawan,TIB-0026,E
Tiblawan,TIB-0027,B
Tiblawan,TIB-0028,F
Tiblawan,TIB-0029,D
Tiblawan,TIB-0030,Z
Tiblawan,TIB-0031,E
Tiblawan,TIB-0032,E
Tiblawan,TIB-0033,E
Tiblawan,TIB-0034,B
Tiblawan,TIB-0035,Y
Tiblawan,TIB-0036,Y
Tiblawan,TIB-0037,B
Tiblawan,TIB-0038,G
Tiblawan,TIB-0039,G
Tiblawan,TIB-0040,Y
Tiblawan,TIB-0041,Y
Tiblawan,TIB-0042,G
Tiblawan,TIB-0043,Y
Tiblawan,TIB-0044,E
Tiblawan,TIB-0045,Z
Tiblawan,TIB-0046,Z
Tiblawan,TIB-0047,Y
Tiblawan,TIB-0048,E
Tiblawan,TIB-0049,C
Tiblawan,TIB-0050,D
Tiblawan,TIB-0051,D
Tiblawan,TIB-0052,Y
Tiblawan,TIB-0053,A
Tiblawan,TIB-0054,A
Tiblawan,TIB-0055,G
Tiblawan,TIB-0056,A
Tiblawan,TIB-0057,F
Tiblawan,TIB-0058,Y
Tiblawan,TIB-0059,A
Tiblawan,TIB-0060,G
Tiblawan,TIB-0061,B
Tiblawan,TIB-0062,E
Tiblawan,TIB-0063,F
Tiblawan,TIB-0064,F
Tiblawan,TIB-0065,D
Tiblawan,TIB-0066,F
Tiblawan,TIB-0067,B
Tiblawan,TIB-0068,Y
Tiblawan,TIB-0069,E
Tiblawan,TIB-0070,D
Tiblawan,TIB-0071,Z
Tiblawan,TIB-0072,B
Tiblawan,TIB-0073,B
Tiblawan,TIB-0074,A
Tiblawan,TIB-0075,F
Tiblawan,TIB-0076,B
Tiblawan,TIB-0077,C
Tiblawan,TIB-0078,C
Tiblawan,TIB-0079,C
Tiblawan,TIB-0080,C
Tiblawan,TIB-0081,E
Tiblawan,TIB-0082,Z
Tiblawan,TIB-0083,Y
Tiblawan,TIB-0084,D
Tiblawan,TIB-0085,F
Tiblawan,TIB-0086,Z
Tiblawan,TIB-0087,Y
Tiblawan,TIB-0088,B
Tiblawan,TIB-0089,C
Tiblawan,TIB-0090,G
Tiblawan,TIB-0091,D
Tiblawan,TIB-0092,B
Tiblawan,TIB-0093,G
Tiblawan,TIB-0094,A
Tiblawan,TIB-0095,Y
Tiblawan,TIB-0096,A
Tiblawan,TIB-0097,E
Tiblawan,TIB-0098,G
Tiblawan,TIB-0099,Y
Upper Tibanban,UPP-0001,F
Upper Tibanban,UPP-0002,Z
Upper Tibanban,UPP-0003,C
Upper Tibanban,UPP-0004,Y
Upper Tibanban,UPP-0005,B
Upper Tibanban,UPP-0006,Y
Upper Tibanban,UPP-0007,E
Upper Tibanban,UPP-0008,D
Upper Tibanban,UPP-0009,E
Upper Tibanban,UPP-0010,G
Upper Tibanban,UPP-0011,B
Upper Tibanban,UPP-0012,D
Upper Tibanban,UPP-0013,C
Upper Tibanban,UPP-0014,D
Upper Tibanban,UPP-0015,Y
Upper Tibanban,UPP-0016,Y
Upper Tibanban,UPP-0017,Z
Upper Tibanban,UPP-0018,E
Upper Tibanban,UPP-0019,B
Upper Tibanban,UPP-0020,Z
Upper Tibanban,UPP-0021,A
Upper Tibanban,UPP-0022,F
Upper Tibanban,UPP-0023,F
Upper Tibanban,UPP-0024,Y
Upper Tibanban,UPP-0025,G
Upper Tibanban,UPP-0026,Z
Upper Tibanban,UPP-0027,F
Upper Tibanban,UPP-0028,D
Upper Tibanban,UPP-0029,A
Upper Tibanban,UPP-0030,Z
Upper Tibanban,UPP-0031,G
Upper Tibanban,UPP-0032,D
Crispin Dela Cruz,CRI-0001,F
Crispin Dela Cruz,CRI-0002,Z
Crispin Dela Cruz,CRI-0003,E
Crispin Dela Cruz,CRI-0004,E
Crispin Dela Cruz,CRI-0005,A
Crispin Dela Cruz,CRI-0006,B
Crispin Dela Cruz,CRI-0007,A
Crispin Dela Cruz,CRI-0008,Y
Crispin Dela Cruz,CRI-0009,A
Crispin Dela Cruz,CRI-0010,A
Crispin Dela Cruz,CRI-0011,G
Crispin Dela Cruz,CRI-0012,G
Crispin Dela Cruz,CRI-0013,C
Crispin Dela Cruz,CRI-0014,G
Crispin Dela Cruz,CRI-0015,D
Crispin Dela Cruz,CRI-0016,Y
Crispin Dela Cruz,CRI-0017,G
Crispin Dela Cruz,CRI-0018,D
Crispin Dela Cruz,CRI-0019,D
Crispin Dela Cruz,CRI-0020,Y
Crispin Dela Cruz,CRI-0021,Z
Crispin Dela Cruz,CRI-0022,B
Crispin Dela Cruz,CRI-0023,B
Crispin Dela Cruz,CRI-0024,A
Crispin Dela Cruz,CRI-0025,E
Crispin Dela Cruz,CRI-0026,A
Crispin Dela Cruz,CRI-0027,B
Crispin Dela Cruz,CRI-0028,Z
Crispin Dela Cruz,CRI-0029,Y
Crispin Dela Cruz,CRI-0030,A
Crispin Dela Cruz,CRI-0031,D
Crispin Dela Cruz,CRI-0032,B
Crispin Dela Cruz,CRI-0033,G
Crispin Dela Cruz,CRI-0034,E
Crispin Dela Cruz,CRI-0035,E
Crispin Dela Cruz,CRI-0036,F
Crispin Dela Cruz,CRI-0037,D
Crispin Dela Cruz,CRI-0038,Z
Crispin Dela Cruz,CRI-0039,C
Crispin Dela Cruz,CRI-0040,G
Crispin Dela Cruz,CRI-0041,Z
Crispin Dela Cruz,CRI-0042,C
Crispin Dela Cruz,CRI-0043,F
Crispin Dela Cruz,CRI-0044,D
Crispin Dela Cruz,CRI-0045,Y
Crispin Dela Cruz,CRI-0046,Z
Crispin Dela Cruz,CRI-0047,D
Crispin Dela Cruz,CRI-0048,F
Crispin Dela Cruz,CRI-0049,C
Crispin Dela Cruz,CRI-0050,Z
