barangay,household_id,typhoon,power_outage,drought,rain_flood,erosion,earthquake,fire,crop_pests,livestock_pests,stored_crop_pests,crop_failed,livestock_died,mining_pollution,building_collapsed,price_increase,political_conflict,death_member,illness_member,other_shock,know_evac_area,contact_lgu
Anitap,ANI-0001,4,3,9,8,3,4,6,1,3,7,7,3,2,8,0,10,5,7,,1,2
Anitap,ANI-0002,8,3,7,8,6,6,2,1,2,3,3,1,0,4,2,1,10,2,,1,2
Anitap,ANI-0003,2,0,2,10,3,2,4,2,6,1,3,0,4,4,8,6,3,9,,1,2
Anitap,ANI-0004,9,9,10,5,7,10,9,6,8,9,2,6,0,6,5,10,10,1,,2,2
Anitap,ANI-0005,6,5,1,7,6,1,3,9,0,1,3,8,3,7,6,3,4,2,,1,1
Anitap,ANI-0006,0,9,4,7,0,6,8,9,5,1,2,4,10,9,0,7,5,0,,1,2
Anitap,ANI-0007,10,8,3,2,9,9,10,2,10,2,8,3,3,5,7,3,5,0,,1,2
Anitap,ANI-0008,7,4,10,10,6,0,8,0,4,3,0,8,0,3,9,3,2,1,,2,1
Anitap,ANI-0009,3,3,9,7,3,10,1,5,7,3,0,1,7,2,9,6,0,10,,1,1
Anitap,ANI-0010,8,1,10,4,5,8,1,5,2,2,5,5,5,5,3,9,0,2,Power Outage,2,1
Anitap,ANI-0011,0,3,5,0,10,10,0,3,1,6,4,7,5,8,5,1,4,0,,1,2
Anitap,ANI-0012,0,10,6,8,8,5,5,10,5,6,9,4,3,1,0,9,6,10,,2,1
Anitap,ANI-0013,8,5,7,2,3,6,8,7,8,1,1,4,2,8,5,9,8,0,,2,2
Anitap,ANI-0014,0,5,1,3,10,7,3,9,10,0,10,3,1,10,3,7,3,8,,2,2
Anitap,ANI-0015,10,8,8,5,10,5,4,10,4,2,7,8,10,2,5,0,8,2,,2,1
Anitap,ANI-0016,4,3,7,9,4,4,8,5,7,9,5,3,5,7,5,9,3,5,Pandemic,1,2
Anitap,ANI-0017,6,6,9,1,5,10,3,2,8,3,5,8,10,4,8,3,3,4,Oil Spill,1,2
Anitap,ANI-0018,10,1,5,4,5,8,6,0,9,10,2,5,5,10,8,4,10,6,,1,1
Anitap,ANI-0019,9,5,0,3,2,9,0,8,1,9,5,8,4,2,10,3,10,6,,2,1
Anitap,ANI-0020,5,8,8,6,0,3,5,4,0,3,2,5,2,3,1,9,2,4,,1,2
Anitap,ANI-0021,9,5,0,9,0,5,6,4,8,8,5,7,9,0,5,9,6,1,Volcanic Activity,2,1
Anitap,ANI-0022,10,0,0,3,2,0,5,9,1,4,9,8,10,2,9,5,0,2,,1,1
Anitap,ANI-0023,1,8,5,8,3,7,1,3,2,0,1,2,9,2,1,9,1,10,,2,2
Anitap,ANI-0024,4,8,10,10,6,1,7,7,8,0,4,5,1,6,1,2,0,2,,1,1
Anitap,ANI-0025,7,3,1,4,7,3,4,5,9,2,0,1,4,1,8,6,3,8,,1,2
Anitap,ANI-0026,8,8,9,10,5,4,9,2,7,0,8,3,2,3,5,8,2,1,,2,1
Anitap,ANI-0027,1,8,4,1,0,5,4,9,10,2,5,9,8,1,4,2,4,4,,2,1
Anitap,ANI-0028,9,9,10,5,7,6,2,5,10,3,10,4,2,10,5,9,10,7,Extreme Heat,2,1
Anitap,ANI-0029,5,6,2,5,8,3,10,8,10,4,6,10,4,9,9,2,8,9,,2,1
Anitap,ANI-0030,5,10,6,9,0,1,7,1,0,1,2,5,2,3,1,0,2,7,,2,1
Manuel Roxas,MAN-0001,2,1,5,7,0,10,7,6,1,9,4,4,8,0,1,4,1,4,,2,2
Manuel Roxas,MAN-0002,6,0,0,3,7,1,7,4,5,3,5,6,2,10,3,6,7,8,,1,1
Manuel Roxas,MAN-0003,5,3,0,10,3,3,6,1,9,9,2,3,10,5,5,3,6,0,,2,2
Manuel Roxas,MAN-0004,4,9,3,7,1,7,4,8,0,9,6,6,9,5,3,4,0,9,,1,2
Manuel Roxas,MAN-0005,5,9,3,0,9,4,3,1,0,4,0,4,3,2,1,4,0,5,,1,2
Manuel Roxas,MAN-0006,2,8,8,5,10,10,0,4,0,1,6,0,8,4,9,2,7,2,,1,2
Manuel Roxas,MAN-0007,3,5,10,6,1,8,6,8,0,3,8,7,5,3,4,10,2,9,,1,2
Manuel Roxas,MAN-0008,3,9,6,9,3,3,6,7,0,9,3,8,8,3,7,6,8,2,,2,1
Manuel Roxas,MAN-0009,9,5,8,10,0,2,7,10,1,8,0,10,8,7,10,3,8,8,Landslide,2,2
Manuel Roxas,MAN-0010,1,1,1,6,6,6,3,7,7,4,5,8,6,10,5,8,1,2,,2,2
Manuel Roxas,MAN-0011,6,2,10,1,7,4,1,3,3,10,9,6,9,4,1,9,9,2,,1,1
Manuel Roxas,MAN-0012,6,5,0,4,1,0,0,3,0,8,9,0,6,5,6,1,10,8,,2,1
Manuel Roxas,MAN-0013,4,10,0,10,7,1,6,5,4,5,9,6,1,9,10,2,6,9,,2,1
Manuel Roxas,MAN-0014,7,4,4,5,2,8,1,8,5,9,8,4,7,6,10,9,10,2,,2,2
Manuel Roxas,MAN-0015,2,6,6,3,0,9,5,7,9,2,6,10,1,10,5,2,9,3,Tsunami,1,2
Manuel Roxas,MAN-0016,0,1,7,9,1,2,5,7,6,2,4,9,5,5,2,1,1,10,,2,2
Manuel Roxas,MAN-0017,4,4,6,5,7,7,10,4,5,10,1,8,7,6,4,0,4,0,,2,2
Manuel Roxas,MAN-0018,4,5,7,2,10,0,2,10,10,8,7,3,3,7,8,7,9,5,,1,1
Manuel Roxas,MAN-0019,9,1,10,4,9,10,6,5,6,4,5,6,6,8,5,7,10,7,Mining Accident,2,2
Manuel Roxas,MAN-0020,10,5,6,9,0,1,8,7,10,6,3,2,2,8,0,0,8,8,,2,2
Manuel Roxas,MAN-0021,4,5,6,6,10,6,10,5,6,1,9,0,9,7,0,7,1,3,,2,1
Manuel Roxas,MAN-0022,1,10,10,6,5,5,7,9,0,10,5,3,0,8,5,9,0,1,,1,1
Manuel Roxas,MAN-0023,5,6,4,4,5,8,2,0,3,7,6,5,4,0,2,4,4,9,,1,2
Manuel Roxas,MAN-0024,10,3,8,6,10,1,5,5,5,1,9,8,9,7,1,2,2,7,,1,1
Manuel Roxas,MAN-0025,4,1,5,9,8,10,9,0,1,8,10,9,0,4,1,3,1,9,Pandemic,2,2
Manuel Roxas,MAN-0026,2,4,7,7,5,4,6,5,1,4,6,1,7,3,10,4,9,5,,1,1
Manuel Roxas,MAN-0027,4,3,6,4,7,0,0,2,10,3,3,7,8,8,2,5,4,10,,2,2
Manuel Roxas,MAN-0028,8,10,8,6,8,0,6,0,8,2,2,5,7,0,10,6,0,4,,2,2
Manuel Roxas,MAN-0029,0,8,9,0,8,3,3,7,1,8,7,9,8,6,4,2,1,0,,1,2
Manuel Roxas,MAN-0030,0,10,5,1,5,3,3,0,10,10,4,4,9,2,2,10,3,8,,1,2
Manuel Roxas,MAN-0031,7,5,7,4,2,2,9,2,5,0,9,0,5,8,10,9,8,1,,1,2
Manuel Roxas,MAN-0032,9,9,3,10,5,9,6,9,6,6,2,7,9,0,4,2,7,1,Earthquake,1,1
Manuel Roxas,MAN-0033,7,1,4,0,4,7,2,3,8,3,4,1,10,2,8,2,4,0,,1,1
Manuel Roxas,MAN-0034,6,7,6,2,9,9,0,2,4,10,9,1,8,2,0,3,0,0,Fire,1,2
Manuel Roxas,MAN-0035,10,1,7,4,0,8,1,10,6,6,2,0,8,1,10,3,5,2,,2,2
Manuel Roxas,MAN-0036,0,9,6,7,9,0,0,2,9,0,7,6,8,3,4,9,3,4,,2,2
Manuel Roxas,MAN-0037,7,9,2,6,7,5,8,4,6,0,8,9,5,8,4,3,2,6,,1,2
Manuel Roxas,MAN-0038,8,4,2,3,10,3,10,6,8,2,5,9,4,5,7,7,10,10,,2,2
Manuel Roxas,MAN-0039,3,6,2,10,8,3,2,1,0,10,3,9,4,8,6,9,0,5,,2,1
Manuel Roxas,MAN-0040,7,5,2,2,3,10,0,8,10,4,4,10,0,10,3,1,9,1,,2,1
Manuel Roxas,MAN-0041,8,7,4,10,5,0,8,1,2,6,2,3,4,0,8,7,9,0,,2,2
Manuel Roxas,MAN-0042,2,4,9,1,6,7,0,2,2,0,8,2,7,0,1,8,6,3,,1,1
Manuel Roxas,MAN-0043,5,1,1,10,4,8,5,7,9,4,3,8,3,6,7,9,0,6,,2,2
Manuel Roxas,MAN-0044,8,4,8,6,5,3,7,9,9,0,7,2,7,6,7,10,8,0,Typhoon,1,2
Manuel Roxas,MAN-0045,3,8,6,2,8,1,6,3,3,0,6,2,9,5,4,5,1,4,,1,2
Manuel Roxas,MAN-0046,4,0,10,4,9,1,10,8,9,7,1,4,7,9,8,10,4,5,,2,2
Manuel Roxas,MAN-0047,8,7,9,9,3,9,4,1,5,1,0,7,10,1,3,2,2,1,,2,1
Manuel Roxas,MAN-0048,1,9,2,5,2,4,4,6,3,10,5,0,4,1,4,3,3,9,,1,2
Manuel Roxas,MAN-0049,6,10,0,10,3,9,8,7,8,5,3,5,4,10,7,9,4,6,,2,2
Manuel Roxas,MAN-0050,7,1,9,7,3,1,7,3,5,4,5,5,1,9,9,3,7,1,,2,1
Manuel Roxas,MAN-0051,0,3,6,5,10,2,4,10,4,7,8,2,2,3,0,0,3,9,Fire,1,1
Manuel Roxas,MAN-0052,0,8,9,5,4,10,10,10,10,5,4,4,8,8,3,7,2,5,,1,1
Manuel Roxas,MAN-0053,10,10,4,10,8,2,8,4,5,3,6,8,9,4,7,7,2,9,,2,1
Manuel Roxas,MAN-0054,4,2,7,8,6,2,10,0,8,8,0,3,7,0,8,2,10,1,,1,2
Manuel Roxas,MAN-0055,1,8,9,1,3,10,7,4,0,3,2,6,5,4,3,3,9,7,,2,2
Manuel Roxas,MAN-0056,8,8,7,2,0,3,0,8,10,0,2,7,0,7,0,8,3,0,,2,2
Manuel Roxas,MAN-0057,5,9,10,8,9,6,8,10,8,9,7,10,0,0,3,5,2,0,,1,2
Manuel Roxas,MAN-0058,2,7,1,10,6,5,0,9,3,7,4,0,4,4,10,1,4,7,,1,2
Don Aurelio Chicote,DON-0001,9,9,3,4,1,7,3,3,6,8,6,0,1,9,9,9,10,10,,2,2
Don Aurelio Chicote,DON-0002,8,6,9,9,8,4,0,7,3,2,4,8,3,3,0,9,7,9,,2,2
Don Aurelio Chicote,DON-0003,4,1,0,8,5,9,6,6,0,5,3,2,5,10,4,10,2,10,,2,1
Don Aurelio Chicote,DON-0004,9,6,1,6,4,5,3,6,7,9,9,6,2,1,2,3,4,8,,2,2
Don Aurelio Chicote,DON-0005,7,8,1,8,1,7,4,5,0,3,4,9,1,9,7,9,2,1,,2,1
Don Aurelio Chicote,DON-0006,3,7,2,3,6,0,4,7,6,5,1,5,4,8,4,6,3,3,,2,2
Don Aurelio Chicote,DON-0007,9,6,10,2,10,1,10,10,1,2,6,7,6,9,3,2,10,10,,1,1
Don Aurelio Chicote,DON-0008,0,2,3,10,10,9,2,7,8,0,1,4,0,9,4,5,3,9,,1,1
Don Aurelio Chicote,DON-0009,1,7,3,4,0,2,7,2,6,9,1,9,2,2,0,4,10,9,,1,1
Don Aurelio Chicote,DON-0010,1,6,0,0,4,2,1,9,7,1,2,0,6,9,6,10,2,2,,1,1
Don Aurelio Chicote,DON-0011,0,4,8,1,7,1,1,2,0,6,3,2,3,8,4,3,8,7,,2,1
Don Aurelio Chicote,DON-0012,7,2,5,6,6,10,6,6,10,10,2,2,8,1,7,7,7,3,Fire,2,2
Don Aurelio Chicote,DON-0013,5,2,1,7,2,1,7,8,0,8,6,10,3,4,9,0,5,5,,1,2
Don Aurelio Chicote,DON-0014,8,1,5,4,1,3,8,4,10,9,6,7,3,9,0,2,4,1,Oil Spill,2,1
Don Aurelio Chicote,DON-0015,4,9,7,4,6,3,4,0,7,10,9,7,3,1,5,7,7,7,Earthquake,2,2
Don Aurelio Chicote,DON-0016,1,0,1,4,6,6,7,0,9,9,4,9,8,0,5,6,2,5,Forest Fire,2,1
Don Aurelio Chicote,DON-0017,8,2,2,10,8,5,3,6,6,4,3,0,8,5,7,5,3,5,,1,2
Don Aurelio Chicote,DON-0018,9,7,9,9,6,4,10,2,5,4,10,7,7,1,2,0,4,10,,2,2
Don Aurelio Chicote,DON-0019,1,4,10,10,9,1,8,1,6,2,3,5,8,1,1,0,2,9,,2,1
Don Aurelio Chicote,DON-0020,2,10,8,2,4,1,6,9,5,7,1,6,9,4,10,9,3,6,Fire,1,2
Don Aurelio Chicote,DON-0021,10,4,2,0,9,9,2,1,3,1,6,4,1,3,10,5,9,5,,2,2
Don Aurelio Chicote,DON-0022,10,10,8,1,5,3,4,1,7,2,4,6,6,7,0,5,9,8,Crop Disease,1,2
Don Aurelio Chicote,DON-0023,4,2,6,2,5,2,5,0,9,0,5,1,8,7,7,6,1,0,,2,1
Don Aurelio Chicote,DON-0024,5,2,7,8,0,8,10,1,3,9,3,4,3,9,8,5,8,7,,1,2
Don Aurelio Chicote,DON-0025,8,7,0,10,6,8,7,6,7,3,5,8,0,5,0,9,9,9,,2,1
Don Aurelio Chicote,DON-0026,0,9,5,2,0,10,0,2,2,6,3,8,2,4,7,7,2,1,,1,2
Don Aurelio Chicote,DON-0027,2,3,1,5,6,8,7,3,6,5,9,0,8,9,7,7,5,2,,2,2
Don Aurelio Chicote,DON-0028,8,3,10,0,6,7,0,4,4,3,6,2,10,5,3,0,4,8,,2,2
Don Aurelio Chicote,DON-0029,6,6,9,3,4,1,10,8,1,4,3,2,1,5,7,1,10,7,,2,2
Don Aurelio Chicote,DON-0030,5,2,2,2,6,0,1,0,6,4,1,3,1,5,7,6,5,8,Power Outage,2,1
Don Aurelio Chicote,DON-0031,1,9,2,2,4,0,3,6,2,3,6,5,3,5,9,1,1,3,,2,1
Don Aurelio Chicote,DON-0032,5,2,0,0,10,3,7,7,3,3,10,4,3,2,0,3,9,4,,2,2
Don Aurelio Chicote,DON-0033,5,5,2,0,0,4,0,10,8,6,1,0,7,1,8,0,6,0,,1,2
Don Aurelio Chicote,DON-0034,5,7,7,10,6,4,9,5,2,10,7,3,0,10,3,7,10,8,,2,1
Don Aurelio Chicote,DON-0035,4,4,8,3,3,5,7,9,5,1,0,0,0,7,8,6,9,3,,2,1
Don Aurelio Chicote,DON-0036,4,5,0,9,8,9,8,3,4,4,5,2,1,10,8,8,5,5,,2,2
Don Aurelio Chicote,DON-0037,8,3,0,9,6,1,5,7,7,9,5,4,1,7,10,7,0,5,,2,1
Don Aurelio Chicote,DON-0038,9,9,0,0,0,4,6,10,8,9,3,2,5,2,5,6,4,0,,2,1
Don Aurelio Chicote,DON-0039,5,3,10,0,4,4,3,7,3,1,5,4,0,0,4,10,0,8,Pandemic,2,1
Don Aurelio Chicote,DON-0040,10,4,10,0,1,7,2,10,2,5,7,0,3,8,4,0,3,9,Oil Spill,2,1
Don Aurelio Chicote,DON-0041,10,1,9,10,5,8,3,10,9,4,4,4,3,1,4,9,0,9,,1,2
Don Aurelio Chicote,DON-0042,8,4,10,6,1,7,6,6,7,1,6,3,9,8,1,2,8,3,,2,1
Don Aurelio Chicote,DON-0043,1,9,10,1,5,5,0,10,8,9,5,3,7,4,9,4,3,2,,2,1
Don Aurelio Chicote,DON-0044,7,1,5,1,10,9,6,0,4,7,8,2,8,4,9,8,9,7,,1,2
Don Aurelio Chicote,DON-0045,4,9,9,4,8,0,10,2,10,2,1,4,1,4,0,6,2,3,,1,2
Don Aurelio Chicote,DON-0046,8,3,9,0,2,0,3,2,8,9,10,5,9,7,0,9,0,8,,1,2
Don Aurelio Chicote,DON-0047,3,3,10,8,5,5,9,6,7,4,3,9,5,1,1,9,1,5,,2,2
Don Aurelio Chicote,DON-0048,2,4,9,4,2,10,2,9,5,7,10,3,2,5,10,9,8,1,,2,1
Don Aurelio Chicote,DON-0049,6,4,7,2,2,10,4,6,0,1,8,5,10,1,2,5,2,7,,1,2
Don Aurelio Chicote,DON-0050,5,2,4,4,3,5,4,1,6,9,9,4,5,3,2,7,2,8,,2,2
Don Aurelio Chicote,DON-0051,5,8,3,10,9,8,4,8,2,0,7,2,0,7,5,4,2,6,,2,1
Don Aurelio Chicote,DON-0052,9,4,1,1,4,5,8,8,0,6,3,3,5,10,1,9,5,10,,1,1
Don Aurelio Chicote,DON-0053,8,2,4,10,4,2,8,10,10,2,8,9,3,3,6,10,1,9,,1,2
Don Aurelio Chicote,DON-0054,10,7,6,8,9,10,9,10,7,9,5,4,9,2,8,5,3,8,,2,2
Don Aurelio Chicote,DON-0055,0,7,10,1,3,7,10,5,6,10,6,2,4,9,5,1,8,8,,1,2
Don Aurelio Chicote,DON-0056,3,1,1,9,3,6,7,1,5,6,1,2,3,4,8,1,3,3,,2,1
Don Aurelio Chicote,DON-0057,6,0,2,7,0,8,9,0,6,7,5,2,9,0,5,3,5,7,,1,2
Don Aurelio Chicote,DON-0058,7,9,0,1,6,1,10,10,5,9,6,7,6,7,10,7,9,1,,2,1
Don Aurelio Chicote,DON-0059,8,6,5,2,2,1,0,7,2,4,0,5,7,8,6,0,8,3,,1,1
Don Aurelio Chicote,DON-0060,8,3,1,8,8,6,3,2,1,0,6,5,4,8,3,1,8,9,,2,2
Don Aurelio Chicote,DON-0061,3,5,7,1,10,6,3,2,7,6,10,2,2,6,1,5,5,5,,1,1
Lavigan,LAV-0001,2,1,1,0,6,8,3,8,4,0,10,6,2,9,7,10,5,4,,2,1
Lavigan,LAV-0002,7,9,2,1,10,10,2,6,8,7,5,3,2,4,1,4,6,8,,1,1
Lavigan,LAV-0003,1,8,1,3,3,10,2,8,10,9,8,4,3,4,3,3,8,3,,2,1
Lavigan,LAV-0004,2,3,2,5,9,5,3,6,1,2,2,4,3,2,9,3,2,10,,2,2
Lavigan,LAV-0005,2,3,4,2,4,10,0,8,8,6,1,10,9,2,7,4,0,10,,1,1
Lavigan,LAV-0006,1,6,9,2,3,4,9,4,2,4,8,8,0,7,7,10,10,4,,1,2
Lavigan,LAV-0007,4,4,1,9,1,2,1,3,2,1,4,4,8,1,3,1,10,0,,2,1
Lavigan,LAV-0008,2,1,10,10,5,1,8,4,8,7,2,1,2,8,7,10,8,8,Mining Accident,2,2
Lavigan,LAV-0009,1,9,10,4,9,8,0,7,8,7,8,6,7,4,1,5,1,5,,1,2
Lavigan,LAV-0010,2,8,8,3,3,6,1,5,3,1,7,10,5,2,9,5,7,4,Tsunami,1,1
Lavigan,LAV-0011,2,9,5,3,6,0,3,0,8,7,1,8,6,6,8,5,8,0,,2,1
Lavigan,LAV-0012,3,7,4,5,5,2,2,4,1,2,5,10,5,5,1,8,7,7,,1,1
Lavigan,LAV-0013,7,10,6,1,2,0,6,1,4,10,0,10,4,0,2,3,6,7,Armed Conflict,1,2
Lavigan,LAV-0014,1,10,4,1,6,3,1,5,8,5,9,8,8,4,10,10,10,10,,1,2
Lavigan,LAV-0015,6,9,3,6,3,8,7,8,2,2,8,3,6,3,4,5,0,10,,1,2
Lavigan,LAV-0016,4,6,3,6,9,10,1,9,8,7,0,3,7,2,9,10,9,8,,2,1
Lavigan,LAV-0017,5,9,6,3,7,7,2,6,2,7,10,0,7,2,0,1,2,4,,1,2
Lavigan,LAV-0018,6,9,0,0,3,3,2,2,5,3,3,6,4,6,2,1,4,2,,2,2
Lavigan,LAV-0019,4,3,2,8,9,4,10,7,8,1,3,5,1,3,2,8,10,1,,1,1
Lavigan,LAV-0020,1,10,4,9,5,9,1,7,2,5,6,9,10,2,5,7,7,8,Pest Infestation,1,2
Lavigan,LAV-0021,1,2,4,3,7,7,8,3,4,2,4,3,10,3,1,9,10,5,,1,1
Lavigan,LAV-0022,1,2,2,3,9,9,1,0,10,8,1,10,0,1,5,6,3,1,,2,2
Lavigan,LAV-0023,9,0,4,1,5,4,5,7,5,0,3,2,0,10,0,6,2,6,,2,1
Lavigan,LAV-0024,1,0,6,7,2,0,0,1,3,3,6,6,4,9,9,1,2,2,,1,1
Lavigan,LAV-0025,8,0,7,1,6,7,7,3,0,0,4,3,2,0,4,3,1,6,Fire,2,2
Lavigan,LAV-0026,2,2,4,3,0,9,7,5,7,10,5,0,5,4,8,7,7,9,,1,2
Lavigan,LAV-0027,5,10,9,5,8,2,7,6,0,4,5,8,0,0,7,3,10,0,,1,1
Lavigan,LAV-0028,6,3,2,0,10,5,1,2,4,5,1,7,6,3,3,7,2,9,,2,2
Lavigan,LAV-0029,2,1,3,6,0,9,8,8,6,6,2,10,9,0,10,5,2,4,,1,2
Lavigan,LAV-0030,7,3,1,1,2,4,4,8,10,0,3,2,4,7,8,3,2,6,,2,2
Lavigan,LAV-0031,9,4,1,9,0,1,3,5,5,5,1,7,6,6,1,6,6,0,,1,2
Lavigan,LAV-0032,1,2,9,2,4,8,9,6,0,1,3,7,3,4,7,8,3,1,,1,1
Lavigan,LAV-0033,1,10,10,7,7,9,1,6,8,8,9,6,10,5,8,0,4,8,,2,2
Lavigan,LAV-0034,5,9,9,4,2,0,4,4,10,7,9,1,4,1,6,3,1,6,,2,2
Lavigan,LAV-0035,2,10,1,3,8,0,8,8,7,5,0,6,6,5,10,0,10,1,,1,1
Lavigan,LAV-0036,7,8,3,4,6,6,5,7,6,5,3,1,5,4,0,2,5,10,,1,2
Lavigan,LAV-0037,5,4,9,4,2,6,4,7,9,8,2,1,1,8,7,7,7,3,,1,2
Lavigan,LAV-0038,7,9,6,4,2,10,4,5,10,0,10,2,7,4,6,3,10,10,,1,2
Lavigan,LAV-0039,3,10,8,1,2,0,4,8,10,2,7,10,4,6,2,2,0,1,Storm Surge,2,1
Lavigan,LAV-0040,5,0,3,7,3,6,5,4,8,0,4,7,3,0,10,3,6,9,,1,1
Lavigan,LAV-0041,9,9,5,2,1,9,10,10,4,10,9,6,8,7,0,5,0,5,Mining Accident,1,2
Lavigan,LAV-0042,3,7,0,4,4,7,2,8,8,9,5,4,0,6,10,7,10,1,,1,1
Lavigan,LAV-0043,8,10,8,5,1,4,6,9,7,10,9,2,8,5,9,7,0,10,,2,1
Lavigan,LAV-0044,8,2,5,0,6,9,5,2,5,6,5,2,7,6,4,7,10,7,,2,2
Lavigan,LAV-0045,8,7,5,2,3,3,10,1,6,9,9,3,5,0,8,5,10,10,Earthquake,2,1
Lavigan,LAV-0046,4,3,2,6,7,3,0,5,7,0,1,2,1,1,6,8,2,7,,1,1
Lavigan,LAV-0047,10,4,9,3,3,2,0,8,7,6,0,5,10,1,5,6,2,1,,2,2
Lavigan,LAV-0048,6,4,10,5,0,3,0,6,2,3,1,6,9,6,9,10,4,2,,2,1
Lavigan,LAV-0049,3,8,2,4,1,2,0,4,9,4,0,0,0,5,3,4,9,5,,1,2
Lavigan,LAV-0050,6,1,8,9,3,6,3,5,6,0,7,7,6,2,7,0,6,5,,2,2
Lavigan,LAV-0051,10,2,2,5,5,3,9,1,8,8,5,2,7,6,5,3,6,2,,1,1
Lavigan,LAV-0052,6,4,6,10,7,8,7,1,10,2,1,5,6,8,2,4,4,2,,2,2
Lavigan,LAV-0053,8,2,9,1,5,8,6,3,10,2,3,10,4,3,9,4,10,4,,2,2
Lavigan,LAV-0054,10,8,0,7,0,4,2,0,0,5,6,1,10,2,7,2,7,5,,2,1
Lavigan,LAV-0055,6,0,3,0,10,9,7,6,2,4,5,0,10,2,10,2,5,7,,1,2
Lavigan,LAV-0056,1,7,10,10,10,4,3,10,3,9,2,0,6,6,10,10,2,3,,2,1
Lavigan,LAV-0057,9,3,9,4,2,8,5,0,5,8,10,3,10,8,0,9,6,0,,1,2
Lavigan,LAV-0058,4,7,3,5,4,0,8,4,9,3,8,8,1,3,8,4,9,0,,1,1
Luzon,LUZ-0001,2,3,5,7,3,7,8,5,1,9,4,3,9,7,0,1,4,10,,2,2
Luzon,LUZ-0002,6,4,4,5,4,0,10,2,9,9,2,8,6,9,1,0,5,9,,1,1
Luzon,LUZ-0003,3,4,2,9,2,1,7,6,7,1,7,7,2,2,10,7,3,9,,2,1
Luzon,LUZ-0004,9,8,9,3,10,7,2,3,6,5,10,8,3,9,10,9,1,4,,2,2
Luzon,LUZ-0005,2,6,3,5,7,8,7,3,8,10,4,8,8,6,2,8,6,8,,1,1
Luzon,LUZ-0006,7,0,9,0,6,10,0,2,2,5,7,9,1,0,1,9,1,1,,1,2
Luzon,LUZ-0007,10,1,10,1,1,7,6,10,6,7,7,0,0,1,0,5,2,8,Oil Spill,2,2
Luzon,LUZ-0008,0,0,10,0,10,9,9,4,5,3,0,6,3,5,9,8,2,10,,2,1
Luzon,LUZ-0009,3,10,1,10,4,10,7,1,7,4,7,10,10,0,2,3,2,5,,1,2
Luzon,LUZ-0010,7,9,2,7,2,8,1,4,1,1,3,6,3,5,2,7,10,2,,2,1
Luzon,LUZ-0011,9,8,8,3,7,3,5,3,9,8,4,7,7,1,7,1,4,10,,1,2
Luzon,LUZ-0012,5,2,9,1,9,10,10,3,10,6,8,2,3,5,0,0,2,3,,1,2
Luzon,LUZ-0013,6,4,1,3,2,6,8,6,5,8,5,0,5,4,9,3,10,9,,2,1
Luzon,LUZ-0014,3,9,2,3,7,4,9,10,8,6,6,5,6,2,0,3,8,10,,2,1
Luzon,LUZ-0015,10,0,1,7,9,9,2,1,4,1,0,4,9,7,0,5,8,4,,2,2
Luzon,LUZ-0016,9,1,4,7,2,5,9,8,4,4,3,7,7,8,3,3,6,4,,1,1
Luzon,LUZ-0017,5,9,9,8,10,0,7,0,2,4,3,10,4,7,2,7,8,9,,2,2
Luzon,LUZ-0018,0,3,8,1,4,10,4,1,6,0,9,0,4,10,5,7,7,5,,2,1
Luzon,LUZ-0019,4,0,2,8,2,3,0,9,7,4,9,6,9,0,10,2,10,4,,2,1
Luzon,LUZ-0020,4,7,1,2,8,10,5,10,2,9,4,9,2,3,10,5,6,3,,1,1
Luzon,LUZ-0021,7,9,7,5,2,2,9,0,1,2,10,10,2,2,0,5,10,5,,2,1
Luzon,LUZ-0022,7,1,0,6,1,6,4,0,0,1,7,1,0,2,1,7,2,4,,2,1
Luzon,LUZ-0023,8,9,0,5,1,10,3,4,1,3,3,2,10,8,2,7,7,5,,2,2
Luzon,LUZ-0024,6,3,6,1,2,3,9,10,3,9,9,1,7,3,8,5,0,9,,2,1
Luzon,LUZ-0025,0,0,2,4,5,0,7,9,2,5,2,2,6,1,8,0,10,1,Forest Fire,1,2
Luzon,LUZ-0026,4,5,4,0,5,10,0,0,6,1,10,5,0,0,1,8,2,9,,2,2
Luzon,LUZ-0027,3,9,5,0,2,10,4,1,2,3,6,5,0,4,6,6,2,3,,2,1
Luzon,LUZ-0028,9,6,8,3,2,10,9,7,8,9,4,1,1,8,6,7,0,10,,1,1
Luzon,LUZ-0029,5,2,0,7,1,6,10,2,0,7,5,2,2,7,2,0,5,9,Tsunami,2,2
Luzon,LUZ-0030,6,5,1,10,8,7,6,9,4,6,6,1,7,7,0,3,7,1,,2,1
Luzon,LUZ-0031,2,6,3,7,2,8,0,10,4,8,3,8,1,6,9,0,3,0,,2,2
Luzon,LUZ-0032,1,3,7,2,5,0,0,6,4,10,6,10,10,4,2,1,4,4,,1,2
Luzon,LUZ-0033,7,4,2,7,5,3,7,8,0,4,10,8,4,1,5,6,2,6,,2,1
Luzon,LUZ-0034,8,1,2,0,5,4,8,6,6,9,9,1,1,10,9,0,5,7,,2,1
Luzon,LUZ-0035,9,7,0,3,1,5,0,6,10,1,7,10,1,8,0,8,3,4,,2,1
Luzon,LUZ-0036,7,7,2,6,3,8,9,10,10,9,4,8,3,6,4,6,10,7,,1,1
Luzon,LUZ-0037,0,3,7,3,0,10,3,7,6,7,2,10,9,2,7,3,3,9,,2,1
Luzon,LUZ-0038,10,0,5,0,3,3,6,0,0,3,4,1,6,7,6,4,2,3,,1,2
Luzon,LUZ-0039,0,5,4,10,8,5,5,4,3,5,9,10,4,7,1,10,3,1,,1,2
Luzon,LUZ-0040,9,9,9,8,10,5,2,7,1,6,2,7,0,8,3,2,8,1,Flooding,1,2
Luzon,LUZ-0041,7,9,0,7,4,8,4,0,2,2,2,7,0,7,3,7,8,7,,2,1
Luzon,LUZ-0042,4,1,0,10,10,5,8,5,10,9,7,2,0,0,5,7,10,1,,2,2
Luzon,LUZ-0043,10,0,1,4,9,3,0,1,6,2,6,3,6,1,10,10,0,3,,2,2
Luzon,LUZ-0044,3,4,2,5,2,0,0,0,1,7,10,8,2,0,5,3,2,2,Volcanic Activity,2,1
Luzon,LUZ-0045,3,3,1,7,10,1,4,4,7,0,6,10,8,1,4,9,5,7,,1,2
Luzon,LUZ-0046,0,3,4,0,9,0,5,1,7,0,6,4,10,3,4,10,8,9,Pest Infestation,1,1
Luzon,LUZ-0047,2,5,0,5,7,3,4,4,5,0,4,4,9,6,9,6,4,9,,2,1
Luzon,LUZ-0048,5,5,1,0,7,4,1,3,7,8,7,9,5,3,0,1,4,4,,2,1
Luzon,LUZ-0049,5,10,6,8,9,10,0,6,1,7,4,3,6,9,5,7,1,8,,1,2
Luzon,LUZ-0050,8,9,7,6,9,7,0,4,5,1,5,6,9,9,4,10,10,8,,2,2
Luzon,LUZ-0051,1,8,8,4,4,4,8,1,0,8,3,8,2,0,8,8,1,9,,1,1
Luzon,LUZ-0052,6,5,2,0,0,7,1,0,1,3,6,1,6,3,3,9,1,9,,2,2
Luzon,LUZ-0053,2,3,1,2,4,2,6,10,9,5,9,9,5,6,9,0,6,1,,1,1
Luzon,LUZ-0054,6,4,8,4,1,10,3,9,3,2,7,9,1,9,0,3,8,5,,1,1
Luzon,LUZ-0055,0,10,0,0,6,4,2,8,4,9,8,10,9,5,8,2,8,9,,2,1
Luzon,LUZ-0056,1,4,8,4,0,7,7,10,4,3,3,7,8,4,0,10,4,1,,2,2
Luzon,LUZ-0057,7,1,9,0,1,9,6,4,2,2,7,7,4,5,2,4,1,8,,1,2
Luzon,LUZ-0058,6,4,5,9,7,9,2,9,4,1,6,0,9,4,5,8,10,4,,1,1
Luzon,LUZ-0059,5,8,8,4,8,0,5,1,7,3,6,0,1,1,7,8,5,3,Tsunami,1,2
Luzon,LUZ-0060,10,7,5,6,2,0,10,4,5,6,9,4,10,4,9,7,1,0,,2,2
Luzon,LUZ-0061,5,6,1,1,3,10,7,10,9,2,0,6,10,3,8,8,10,7,,2,1
Luzon,LUZ-0062,2,3,6,9,3,8,0,10,3,2,3,9,2,6,9,10,1,10,,2,1
Luzon,LUZ-0063,0,0,5,9,9,4,6,2,7,7,2,9,2,9,5,0,1,3,,1,1
Luzon,LUZ-0064,9,3,9,0,3,1,6,3,1,8,0,7,8,8,10,9,9,3,Armed Conflict,2,2
Luzon,LUZ-0065,1,6,10,5,2,9,1,2,1,6,5,10,4,4,4,1,8,6,,2,1
Luzon,LUZ-0066,3,0,0,10,6,2,9,1,5,2,5,2,4,8,9,10,5,1,,1,2
Magdug,MAG-0001,9,7,1,6,7,4,8,0,7,8,2,3,9,6,5,6,1,8,,1,2
Magdug,MAG-0002,5,3,3,8,6,3,0,5,3,0,6,2,9,5,10,6,7,0,,2,1
Magdug,MAG-0003,3,2,1,1,1,8,0,7,1,3,0,8,3,6,7,0,5,4,Pandemic,1,1
Magdug,MAG-0004,2,4,8,3,4,5,1,7,3,10,7,9,0,7,1,9,5,2,Flooding,2,2
Magdug,MAG-0005,6,4,4,2,5,7,8,4,6,9,4,8,1,5,8,8,6,3,Mining Accident,2,1
Magdug,MAG-0006,7,9,6,0,4,2,1,8,5,3,0,8,6,7,4,4,3,2,,2,1
Magdug,MAG-0007,5,2,6,3,0,10,10,7,3,3,1,10,1,6,10,2,4,8,,2,2
Magdug,MAG-0008,8,2,0,1,7,3,5,4,0,1,6,10,3,4,1,7,2,7,,1,2
Magdug,MAG-0009,8,4,7,7,8,9,3,6,10,3,0,6,7,9,1,3,1,8,,1,2
Magdug,MAG-0010,3,7,10,8,1,7,6,3,7,10,10,6,6,1,8,7,3,3,,2,2
Magdug,MAG-0011,1,3,3,10,2,1,2,2,6,3,0,0,10,8,4,3,6,2,,1,1
Magdug,MAG-0012,0,6,2,8,8,2,3,6,1,2,2,4,0,3,5,3,2,3,,1,1
Magdug,MAG-0013,7,10,2,9,4,7,3,1,7,4,5,7,10,9,7,4,0,5,,2,2
Magdug,MAG-0014,2,6,5,4,9,9,2,6,9,6,9,4,4,8,4,10,7,1,,1,1
Magdug,MAG-0015,0,2,7,10,8,10,7,7,3,6,10,2,5,4,9,2,5,3,Drought,2,2
Magdug,MAG-0016,5,7,5,2,0,5,7,6,0,2,7,2,8,7,5,1,1,1,,1,2
Magdug,MAG-0017,3,6,2,2,1,1,0,0,2,1,8,2,2,4,1,0,1,1,,2,2
Magdug,MAG-0018,2,2,4,0,8,4,3,2,3,9,8,3,9,0,3,7,10,0,,1,2
Magdug,MAG-0019,10,5,4,4,0,3,0,3,6,7,6,8,2,7,8,4,7,1,,1,1
Magdug,MAG-0020,0,2,7,5,0,3,6,5,6,0,9,8,10,7,5,8,3,1,Pest Infestation,2,2
Magdug,MAG-0021,4,7,8,5,10,0,3,6,9,7,8,8,8,8,8,6,0,2,,1,2
Magdug,MAG-0022,6,2,4,5,4,2,3,4,9,6,2,10,6,4,8,7,7,5,,1,1
Magdug,MAG-0023,1,1,2,4,5,7,4,10,5,9,0,7,3,10,6,2,1,8,,2,2
Magdug,MAG-0024,2,9,7,5,5,0,10,10,6,7,0,0,10,10,2,4,0,5,,2,2
Magdug,MAG-0025,4,9,9,9,7,7,9,2,10,0,0,3,0,2,8,9,6,9,,1,2
Magdug,MAG-0026,2,9,8,2,9,3,6,7,8,7,4,7,5,5,2,1,8,2,Typhoon,1,1
Magdug,MAG-0027,10,5,0,5,2,4,9,1,6,5,5,4,10,6,4,8,10,0,,1,2
Magdug,MAG-0028,2,2,4,6,3,0,10,8,9,0,10,10,0,6,7,7,1,4,Extreme Heat,2,1
Magdug,MAG-0029,9,2,6,9,1,0,4,0,6,1,3,3,10,8,4,9,9,0,,2,1
Magdug,MAG-0030,7,6,0,7,3,1,0,6,3,10,10,7,6,6,10,3,9,5,Mining Accident,1,1
Magdug,MAG-0031,6,5,5,9,8,10,3,4,3,9,7,6,2,6,0,9,5,0,Pest Infestation,2,1
Magdug,MAG-0032,2,8,3,10,7,4,0,3,10,10,10,2,5,2,9,8,2,9,,1,2
Magdug,MAG-0033,8,6,0,10,9,7,9,1,9,8,3,0,0,10,5,6,4,10,,2,1
Magdug,MAG-0034,0,10,4,0,3,0,9,7,4,2,1,2,0,5,8,6,9,0,,1,2
Magdug,MAG-0035,9,7,9,6,2,2,10,3,4,4,2,1,1,3,1,10,8,6,,2,2
Magdug,MAG-0036,10,2,5,6,7,2,4,5,5,5,0,9,4,10,1,9,4,0,,1,1
Magdug,MAG-0037,2,7,2,8,6,6,5,4,10,1,4,4,0,7,10,9,0,9,,2,2
Magdug,MAG-0038,2,7,0,5,9,8,3,6,2,6,8,5,0,0,5,5,8,3,,1,1
Magdug,MAG-0039,7,6,10,1,3,1,0,2,10,4,10,8,2,8,5,10,8,9,,2,2
Magdug,MAG-0040,10,9,10,8,10,3,2,1,0,2,1,10,1,0,9,2,6,3,,1,2
Magdug,MAG-0041,6,10,8,5,0,6,7,1,1,3,5,2,0,0,0,2,5,10,,1,2
Magdug,MAG-0042,2,8,7,8,0,0,1,6,8,8,2,1,2,2,0,8,8,8,,1,1
Magdug,MAG-0043,9,4,1,6,1,5,5,7,4,2,8,1,1,4,7,0,2,0,,1,1
Magdug,MAG-0044,6,4,7,5,1,4,8,8,2,2,5,3,7,10,9,10,3,5,,2,1
Magdug,MAG-0045,6,7,4,4,3,2,8,4,9,9,10,6,5,0,1,8,6,1,,2,1
Magdug,MAG-0046,0,9,4,6,8,5,6,10,2,7,9,0,8,1,10,7,1,5,,2,2
Magdug,MAG-0047,8,0,0,8,7,5,6,2,3,0,10,4,7,0,0,6,9,5,,2,2
Magdug,MAG-0048,10,1,7,8,9,1,10,0,1,10,5,2,8,6,3,3,1,8,Pest Infestation,2,2
Magdug,MAG-0049,2,0,9,2,10,10,0,4,7,5,9,0,0,9,7,8,6,0,Forest Fire,2,2
Magdug,MAG-0050,7,1,1,5,0,9,8,8,7,0,1,4,8,1,5,3,3,9,Fire,1,2
Magdug,MAG-0051,1,8,2,1,1,6,8,8,9,0,3,4,0,9,8,9,5,1,,1,1
Magdug,MAG-0052,5,3,1,8,2,10,10,6,10,3,1,6,7,6,2,7,6,10,,2,2
Monserrat,MON-0001,10,7,3,0,4,2,2,10,1,5,10,9,1,10,2,5,3,5,,2,1
Monserrat,MON-0002,1,4,3,1,10,2,1,0,0,1,3,10,5,6,0,0,9,6,Volcanic Activity,2,2
Monserrat,MON-0003,2,0,3,2,8,6,10,5,10,10,8,3,6,9,2,0,6,5,,2,2
Monserrat,MON-0004,1,7,2,8,5,1,10,4,6,1,0,7,8,9,0,4,10,5,,1,2
Monserrat,MON-0005,4,1,10,3,8,10,10,6,0,7,4,10,8,4,2,3,9,1,,2,1
Monserrat,MON-0006,2,7,5,4,4,4,6,8,10,4,5,7,4,4,9,6,1,6,,2,1
Monserrat,MON-0007,4,10,5,3,3,9,0,3,1,6,6,8,10,5,10,4,8,5,,1,2
Monserrat,MON-0008,10,10,9,2,2,7,1,0,3,10,6,9,9,9,0,4,2,3,,1,2
Monserrat,MON-0009,6,2,2,10,5,8,5,3,2,1,3,3,3,1,1,7,3,5,,2,1
Monserrat,MON-0010,5,9,10,4,8,3,3,5,8,6,0,4,7,1,7,4,5,0,,2,1
Monserrat,MON-0011,8,4,3,3,2,1,3,5,6,10,2,9,6,0,0,6,1,8,,1,1
Monserrat,MON-0012,0,6,0,8,1,4,1,7,7,6,5,2,4,9,4,7,6,8,,2,1
Monserrat,MON-0013,3,9,6,0,0,7,4,10,5,2,10,2,1,5,0,3,3,2,Tsunami,2,1
Monserrat,MON-0014,9,5,5,4,8,8,8,6,3,8,6,0,8,5,10,5,5,5,,1,1
Monserrat,MON-0015,3,7,8,2,3,3,2,8,6,7,8,6,4,5,4,5,1,4,,1,2
Monserrat,MON-0016,10,4,7,3,4,7,8,6,3,9,9,3,8,9,3,7,10,3,,1,1
Monserrat,MON-0017,6,6,3,5,7,1,6,9,7,1,10,8,2,5,5,5,1,5,,2,1
Monserrat,MON-0018,9,2,4,5,0,6,4,0,5,7,0,8,9,4,3,2,8,1,,2,1
Monserrat,MON-0019,6,8,8,9,7,8,9,7,10,4,1,2,10,4,6,8,6,10,,1,2
Monserrat,MON-0020,4,4,0,2,7,10,10,10,5,7,0,7,10,0,1,4,7,0,,2,1
Monserrat,MON-0021,6,6,3,3,5,8,1,6,2,7,0,2,9,5,0,2,10,10,,1,2
Monserrat,MON-0022,1,0,7,10,10,2,6,7,4,4,9,8,10,4,3,2,4,5,,1,1
Monserrat,MON-0023,5,0,7,6,5,4,3,0,4,4,6,0,9,4,5,10,2,0,,2,2
Monserrat,MON-0024,8,5,3,2,8,7,8,3,7,8,4,5,0,1,10,6,9,0,,1,2
Monserrat,MON-0025,5,9,6,9,10,9,8,1,4,1,8,2,8,8,4,7,1,1,,2,1
Monserrat,MON-0026,3,0,1,2,0,8,4,10,1,10,3,7,4,5,10,7,10,10,,1,2
Monserrat,MON-0027,7,4,0,9,9,6,10,4,6,4,4,4,8,3,7,0,7,0,,2,1
Monserrat,MON-0028,1,1,2,2,3,3,2,4,5,1,10,1,0,6,6,1,8,7,,2,1
Monserrat,MON-0029,8,1,4,6,5,3,7,9,8,1,6,1,2,4,0,4,3,4,,2,2
Monserrat,MON-0030,0,2,0,7,5,2,0,4,0,3,9,7,2,1,3,5,4,1,,2,2
Monserrat,MON-0031,3,3,9,2,8,6,10,5,4,7,4,2,3,2,8,9,8,0,,1,1
Monserrat,MON-0032,9,9,8,8,8,2,4,3,7,4,8,9,2,1,1,4,8,5,,2,1
Monserrat,MON-0033,8,4,2,0,10,0,4,8,2,9,4,1,6,1,6,6,10,0,,1,1
Monserrat,MON-0034,9,7,6,5,1,7,9,10,2,10,6,9,5,2,1,10,8,1,,2,2
Monserrat,MON-0035,10,8,5,2,4,10,8,9,4,0,1,5,1,1,10,2,2,3,,2,2
Monserrat,MON-0036,5,10,10,2,7,3,7,0,10,8,6,4,8,6,6,5,10,5,,1,1
Monserrat,MON-0037,5,10,7,1,10,7,7,2,3,8,3,10,0,0,6,10,3,0,,1,2
Monserrat,MON-0038,8,7,5,0,1,9,10,3,7,5,3,10,2,9,2,7,3,2,,2,2
Monserrat,MON-0039,3,8,4,10,9,1,3,0,5,2,3,6,5,3,2,4,7,5,,1,2
Monserrat,MON-0040,6,10,10,4,7,9,2,0,7,4,5,2,3,6,10,9,5,4,,1,1
Monserrat,MON-0041,2,7,1,3,5,7,1,1,10,1,0,4,3,8,2,1,5,9,,2,1
Monserrat,MON-0042,0,8,6,3,9,5,1,3,10,3,0,6,6,1,0,10,8,9,,1,1
Monserrat,MON-0043,10,8,5,0,2,3,2,6,9,9,1,0,7,2,10,6,9,5,,2,1
Nangan,NAN-0001,7,8,3,9,1,10,3,4,9,7,1,3,3,3,1,6,5,0,,2,2
Nangan,NAN-0002,8,8,8,6,7,8,2,1,0,6,3,4,1,8,2,7,8,8,,2,2
Nangan,NAN-0003,4,5,0,4,0,5,3,10,10,0,5,10,6,0,9,8,5,8,,2,2
Nangan,NAN-0004,4,3,0,6,4,0,8,1,4,1,2,3,1,5,3,10,5,7,,2,1
Nangan,NAN-0005,7,2,4,0,7,10,2,8,4,10,7,8,3,5,10,7,4,9,,1,1
Nangan,NAN-0006,4,5,8,3,7,0,10,3,4,0,9,3,7,5,3,7,3,10,,1,2
Nangan,NAN-0007,1,0,3,9,3,0,1,10,2,10,7,10,10,10,3,9,4,2,,2,1
Nangan,NAN-0008,3,1,2,10,6,7,9,4,8,1,9,8,8,3,3,1,8,0,,1,2
Nangan,NAN-0009,9,1,2,1,8,3,7,8,1,4,2,3,7,10,10,9,0,2,Oil Spill,1,2
Nangan,NAN-0010,1,7,9,8,4,0,0,9,8,5,8,2,5,7,4,1,9,9,,2,1
Nangan,NAN-0011,6,3,9,1,6,10,6,4,10,2,5,3,6,0,6,6,5,1,Landslide,2,1
Nangan,NAN-0012,3,1,1,1,10,5,9,9,6,4,8,5,10,6,2,6,4,3,,1,2
Nangan,NAN-0013,10,5,2,2,2,5,10,10,6,10,6,8,0,7,3,8,10,7,Crop Disease,2,2
Nangan,NAN-0014,1,0,2,7,6,0,8,7,7,3,0,3,2,1,4,0,10,3,,1,2
Nangan,NAN-0015,8,3,2,4,10,7,1,10,10,9,5,10,2,3,10,2,8,7,Forest Fire,1,1
Nangan,NAN-0016,6,3,7,5,8,3,4,4,2,7,10,9,8,4,4,4,2,7,Earthquake,1,2
Nangan,NAN-0017,2,1,5,4,10,2,2,1,7,4,5,3,8,4,3,0,7,1,,1,2
Nangan,NAN-0018,10,10,6,6,6,9,9,0,6,5,3,1,3,10,5,0,8,8,,2,1
Nangan,NAN-0019,7,10,6,5,10,1,0,9,4,7,2,0,5,4,10,1,2,5,,1,2
Nangan,NAN-0020,8,5,7,6,6,0,8,0,3,4,5,7,5,6,9,3,1,6,,2,1
Nangan,NAN-0021,9,3,7,0,0,4,6,10,9,3,2,6,2,2,5,2,8,7,,1,2
Nangan,NAN-0022,10,5,0,1,4,5,8,3,7,6,2,1,8,1,2,6,7,7,,1,2
Nangan,NAN-0023,4,3,7,2,0,0,8,9,6,0,1,4,9,0,6,5,0,9,,1,1
Nangan,NAN-0024,9,1,3,3,2,4,3,0,5,7,7,4,7,6,6,10,9,10,,1,1
Nangan,NAN-0025,2,10,10,9,2,3,0,1,0,6,0,0,8,0,2,5,5,4,,1,2
Nangan,NAN-0026,6,7,8,3,4,4,1,7,4,3,9,8,5,0,0,5,0,1,,1,1
Nangan,NAN-0027,10,1,7,4,7,4,0,10,3,3,6,0,1,3,2,10,1,10,,1,1
Nangan,NAN-0028,9,2,2,10,0,2,2,9,1,5,5,10,2,1,5,3,2,2,,1,1
Nangan,NAN-0029,0,6,0,0,3,2,4,9,8,8,7,9,10,9,8,5,8,6,,2,1
Nangan,NAN-0030,8,1,8,0,9,3,10,0,7,4,9,9,9,7,9,7,10,1,,1,1
Nangan,NAN-0031,8,2,4,2,0,1,2,4,9,2,8,9,6,9,7,9,7,1,Forest Fire,2,1
Nangan,NAN-0032,1,8,5,5,6,2,10,8,9,6,9,5,1,8,10,5,10,4,,2,2
Nangan,NAN-0033,4,5,6,1,8,0,1,2,8,4,1,3,0,5,9,2,5,8,,2,1
Nangan,NAN-0034,4,10,7,10,3,0,0,0,3,8,8,6,7,10,8,0,8,5,,2,2
Nangan,NAN-0035,7,3,10,1,0,1,2,9,0,3,2,7,2,3,9,7,5,1,,2,1
Nangan,NAN-0036,5,9,6,0,7,9,3,1,7,10,3,10,10,4,4,9,7,5,,1,1
Nangan,NAN-0037,7,4,7,6,9,2,3,3,8,9,3,7,10,1,1,10,6,10,,1,2
Nangan,NAN-0038,4,0,8,7,1,9,7,6,7,6,7,9,4,6,9,7,9,4,,1,1
Nangan,NAN-0039,4,0,4,10,9,0,1,10,10,6,10,1,3,6,3,4,8,3,,2,2
Nangan,NAN-0040,6,8,9,4,10,4,0,2,10,2,1,3,0,4,6,9,0,5,,1,1
Nangan,NAN-0041,6,10,1,9,8,2,8,1,6,6,1,2,8,7,7,9,6,10,,2,2
Nangan,NAN-0042,9,9,8,7,6,1,9,5,4,9,8,6,8,7,6,7,9,5,Power Outage,2,1
Nangan,NAN-0043,4,7,2,3,8,1,1,3,5,6,7,5,4,9,4,5,10,3,,1,1
Nangan,NAN-0044,8,3,8,6,7,9,0,7,7,4,9,6,0,9,9,9,8,0,,2,2
Nangan,NAN-0045,5,4,6,10,2,9,1,2,9,4,1,6,1,2,7,7,10,3,,1,1
Nangan,NAN-0046,4,9,3,9,4,0,3,3,8,1,5,8,5,10,4,4,10,1,,1,2
Nangan,NAN-0047,10,7,7,0,6,5,4,4,0,9,10,6,10,10,2,2,10,1,,2,2
Nangan,NAN-0048,2,10,6,3,5,7,9,0,2,3,10,3,0,3,5,1,0,7,,1,1
Nangan,NAN-0049,3,5,1,1,9,8,0,3,2,1,8,3,1,1,3,4,4,8,,2,1
Nangan,NAN-0050,0,5,8,0,3,0,6,10,8,10,6,3,7,4,1,5,6,9,,1,1
Nangan,NAN-0051,3,4,2,5,9,0,10,10,2,5,0,5,1,4,0,4,2,0,,1,1
Nangan,NAN-0052,7,2,3,6,5,6,0,2,2,10,7,7,8,5,3,0,8,2,,1,2
Nangan,NAN-0053,8,0,5,0,0,2,7,6,9,7,2,1,2,4,10,5,4,9,,1,1
Nangan,NAN-0054,0,5,9,5,4,1,2,1,10,0,2,8,4,6,8,1,7,4,,1,2
Nangan,NAN-0055,0,1,10,6,5,6,8,6,9,5,3,1,9,7,9,9,10,5,,1,2
Nangan,NAN-0056,6,9,1,10,2,2,8,10,5,2,4,5,3,2,1,8,4,4,,1,2
Nangan,NAN-0057,4,1,3,7,9,6,5,0,9,2,6,0,6,3,1,6,8,10,,2,1
Nangan,NAN-0058,4,2,9,1,6,4,1,6,4,4,1,10,3,9,0,10,5,6,,1,1
Nangan,NAN-0059,6,5,5,10,6,1,5,7,4,2,4,5,4,9,9,3,7,1,Forest Fire,2,2
Nangan,NAN-0060,9,6,8,2,6,10,6,3,2,9,0,7,3,10,2,7,10,5,Fire,2,1
Nangan,NAN-0061,8,8,0,0,0,5,0,0,5,0,10,0,2,8,0,7,2,0,,2,2
Nangan,NAN-0062,8,5,9,7,5,7,0,9,5,7,8,7,8,5,9,9,9,9,,2,1
Nangan,NAN-0063,2,3,8,7,0,4,3,0,9,6,6,5,1,9,0,5,7,7,,1,2
Nangan,NAN-0064,10,4,2,7,8,1,8,9,0,4,6,10,6,10,5,1,7,3,,2,2
Nangan,NAN-0065,1,7,0,7,8,1,5,10,2,3,4,4,4,3,1,9,9,6,,2,1
Nangan,NAN-0066,8,2,9,1,2,6,8,3,2,2,9,9,6,1,7,10,0,0,,1,1
Nangan,NAN-0067,3,3,2,7,0,10,5,1,6,1,0,1,10,4,9,0,7,5,,2,1
Nangan,NAN-0068,9,1,1,4,0,10,10,10,2,6,0,6,8,1,9,9,9,5,,1,1
Nangan,NAN-0069,6,9,8,8,1,9,5,8,3,0,9,0,10,7,10,10,9,7,,1,2
Nangan,NAN-0070,6,7,0,8,7,8,9,2,3,10,1,1,1,2,0,5,7,4,,1,1
Nangan,NAN-0071,10,4,8,7,9,3,9,7,3,5,7,3,0,1,10,7,4,5,,1,2
Nangan,NAN-0072,0,9,0,1,10,5,7,1,4,3,0,3,6,9,5,6,1,7,,1,2
Nangan,NAN-0073,9,10,7,0,0,9,4,6,6,2,2,7,6,5,6,6,0,2,Pandemic,1,1
Nangan,NAN-0074,1,3,0,2,5,8,2,4,2,8,1,5,4,5,6,0,9,0,Power Outage,1,1
Nangan,NAN-0075,0,10,3,6,5,3,9,10,7,7,10,3,2,1,9,4,1,3,,1,1
Nangan,NAN-0076,9,6,0,3,3,4,0,7,5,8,0,10,10,5,3,3,2,4,,1,1
Nangan,NAN-0077,5,7,5,5,1,8,0,7,10,1,2,2,9,7,5,2,8,4,,1,1
Nangan,NAN-0078,7,6,10,4,5,10,7,6,10,4,7,7,1,4,10,4,9,6,,1,2
Nangan,NAN-0079,5,4,8,2,2,10,5,9,0,3,3,3,7,6,1,2,5,0,,2,1
Nangan,NAN-0080,7,2,0,2,4,10,10,6,1,7,6,0,0,6,2,5,9,1,,2,2
Nangan,NAN-0081,3,0,4,5,10,7,3,2,2,9,2,1,5,7,0,2,10,4,,2,1
Nangan,NAN-0082,5,7,9,8,4,4,3,3,2,5,8,0,6,9,6,10,10,4,,2,2
Nangan,NAN-0083,3,9,0,2,2,5,2,0,6,1,8,2,8,4,9,0,7,8,,1,2
Nangan,NAN-0084,4,2,1,5,5,8,10,0,1,1,2,1,3,9,6,10,4,3,,2,1
Nangan,NAN-0085,2,1,8,2,7,4,9,1,3,2,3,3,3,8,1,2,0,2,,1,2
Nangan,NAN-0086,0,8,4,10,10,10,1,8,9,3,8,3,5,2,9,3,2,8,,2,1
Nangan,NAN-0087,9,1,4,0,7,5,6,10,1,5,2,10,8,8,9,4,5,7,,2,2
Nangan,NAN-0088,6,6,10,7,0,3,6,2,1,9,8,10,4,9,4,6,1,8,,1,2
Nangan,NAN-0089,4,0,4,6,7,4,6,8,1,8,8,8,0,10,8,8,4,6,Mining Accident,1,2
Nangan,NAN-0090,1,8,6,9,8,9,2,10,8,10,8,0,6,2,3,3,6,9,,1,2
Nangan,NAN-0091,5,1,0,5,3,7,8,7,2,10,0,9,8,7,8,0,10,2,,1,1
Nangan,NAN-0092,0,10,1,1,4,4,7,0,7,5,5,8,10,8,8,7,2,2,,2,2
Nangan,NAN-0093,2,9,4,4,7,4,5,6,8,7,10,9,10,0,7,1,2,2,,1,1
Nangan,NAN-0094,10,9,7,5,9,9,6,5,9,8,3,10,4,7,6,6,7,8,,2,1
Nangan,NAN-0095,2,1,5,7,2,10,8,5,2,3,0,10,3,3,0,5,8,10,,2,1
Nangan,NAN-0096,6,3,4,6,9,2,9,3,3,9,5,2,5,4,3,1,0,7,,2,2
Nangan,NAN-0097,8,3,5,5,10,6,8,2,6,4,6,7,0,6,7,2,8,7,,2,1
Nangan,NAN-0098,9,10,9,2,2,10,8,5,0,7,3,5,9,8,10,2,6,2,,2,2
Nangan,NAN-0099,8,9,2,9,9,8,4,5,9,3,8,5,0,5,5,6,0,4,,1,2
Nangan,NAN-0100,3,7,7,4,9,6,4,7,0,5,0,2,9,0,2,7,7,9,,2,1
Nangan,NAN-0101,10,7,3,1,0,0,8,7,4,9,3,0,0,0,9,8,2,10,,1,1
Nangan,NAN-0102,3,1,8,2,0,2,8,1,3,4,10,2,0,10,1,1,8,4,,1,2
Nangan,NAN-0103,10,4,4,9,3,9,4,10,1,9,0,6,8,6,5,4,5,7,Forest Fire,2,2
Nangan,NAN-0104,4,8,2,2,4,9,7,9,9,1,0,10,4,4,0,10,8,3,,2,1
Nangan,NAN-0105,9,2,9,3,7,5,9,7,8,7,0,8,7,4,6,10,7,4,,2,2
Nangan,NAN-0106,0,5,9,4,0,4,4,6,4,5,7,0,9,7,2,4,4,9,,2,2
Nangan,NAN-0107,7,9,4,4,2,3,5,3,4,4,8,9,3,6,4,9,9,7,,1,2
Nangan,NAN-0108,2,3,9,2,3,3,7,1,8,0,9,4,3,3,2,4,2,9,,1,2
Nangan,NAN-0109,1,10,9,0,4,8,0,10,1,9,0,7,4,8,5,5,5,1,,2,2
Nangan,NAN-0110,5,6,5,6,2,6,4,1,4,8,10,1,5,0,7,6,5,2,,1,1
Nangan,NAN-0111,9,10,8,1,1,4,10,10,6,10,7,2,4,9,2,0,4,7,,1,2
Nangan,NAN-0112,7,10,9,7,10,5,6,0,6,1,7,10,1,3,1,10,2,7,,1,2
Oregon,ORE-0001,0,6,7,8,0,3,6,3,1,1,7,0,5,6,2,1,9,9,,2,2
Oregon,ORE-0002,9,3,2,10,6,10,5,10,7,1,4,6,3,9,0,5,7,6,,1,1
Oregon,ORE-0003,2,5,3,6,10,9,9,10,1,5,9,5,7,2,3,7,2,0,,2,2
Oregon,ORE-0004,3,10,8,4,7,7,9,8,8,1,3,10,2,2,3,3,8,3,,2,1
Oregon,ORE-0005,8,8,8,10,8,9,9,6,0,3,2,9,3,5,1,8,7,0,,2,2
Oregon,ORE-0006,7,4,4,3,6,9,3,4,10,7,3,5,10,3,3,1,2,6,,1,1
Oregon,ORE-0007,7,10,4,4,9,4,3,8,0,2,0,0,3,10,2,7,2,9,,1,1
Oregon,ORE-0008,10,10,3,5,4,2,5,5,6,8,4,4,5,3,10,7,3,0,,1,2
Oregon,ORE-0009,3,6,3,3,3,1,4,0,4,5,7,5,0,0,6,8,8,10,,2,2
Oregon,ORE-0010,1,6,7,0,9,9,6,10,5,9,0,5,7,2,3,10,1,1,Flooding,2,2
Oregon,ORE-0011,7,7,4,3,2,7,2,2,4,9,2,9,5,10,3,0,5,7,,2,2
Oregon,ORE-0012,3,5,0,10,5,1,6,10,9,6,6,1,9,7,5,7,2,1,,2,2
Oregon,ORE-0013,1,6,4,1,2,5,6,1,9,0,0,7,8,6,3,0,3,1,Pandemic,2,2
Oregon,ORE-0014,4,1,7,2,6,1,6,8,5,7,4,10,0,9,7,10,0,1,,2,2
Oregon,ORE-0015,0,7,3,10,3,2,5,5,3,7,10,5,10,8,2,2,10,1,,1,1
Oregon,ORE-0016,3,1,6,2,0,8,8,4,8,7,8,4,0,6,10,5,6,9,,2,2
Oregon,ORE-0017,10,3,9,0,4,4,9,8,3,0,8,2,10,4,0,0,7,3,Typhoon,2,2
Oregon,ORE-0018,3,3,1,0,10,5,4,7,3,4,9,3,0,9,9,5,2,10,,2,1
Oregon,ORE-0019,9,4,2,7,3,5,5,9,2,3,2,10,0,9,10,4,8,6,,1,1
Oregon,ORE-0020,0,10,1,5,0,10,7,1,5,3,3,3,1,6,5,4,2,7,,2,2
Oregon,ORE-0021,2,4,10,9,6,1,6,4,8,2,7,1,5,2,10,4,6,0,,1,2
Oregon,ORE-0022,5,1,1,2,9,4,3,9,6,7,0,8,5,6,4,9,10,8,,2,2
Oregon,ORE-0023,3,2,6,7,3,4,6,8,0,7,9,4,2,1,6,3,8,2,,1,2
Oregon,ORE-0024,8,5,10,0,3,4,7,7,2,7,2,2,1,4,1,8,0,10,,2,2
Oregon,ORE-0025,10,3,5,5,8,10,1,0,4,10,1,5,3,7,8,9,3,10,,2,1
Oregon,ORE-0026,10,3,4,2,10,2,0,6,10,1,6,3,9,2,5,5,5,3,,2,2
Poblacion,POB-0001,9,2,9,4,8,2,6,4,5,10,2,8,9,6,7,2,7,9,,2,1
Poblacion,POB-0002,10,9,1,8,8,9,5,10,10,4,10,4,5,4,5,7,4,9,,2,1
Poblacion,POB-0003,4,2,0,3,7,9,9,4,5,6,0,3,2,10,6,0,1,3,,2,1
Poblacion,POB-0004,6,3,6,5,1,10,3,9,7,7,2,1,3,6,6,4,10,5,,1,1
Poblacion,POB-0005,0,2,3,1,10,8,0,2,6,3,4,3,1,1,4,6,10,3,,2,1
Poblacion,POB-0006,2,10,8,4,6,0,6,9,4,4,6,9,7,6,8,0,1,7,,2,2
Poblacion,POB-0007,9,4,10,1,10,0,9,4,0,9,0,1,7,9,8,6,0,10,Power Outage,1,1
Poblacion,POB-0008,8,10,0,6,3,2,7,8,4,0,8,5,0,8,5,6,3,6,,2,2
Poblacion,POB-0009,0,1,4,6,8,0,3,3,10,3,3,9,5,10,8,4,9,3,Volcanic Activity,1,1
Poblacion,POB-0010,0,8,3,9,10,3,3,6,9,0,8,2,9,7,4,1,2,10,,2,2
Poblacion,POB-0011,9,9,7,5,4,2,2,9,8,2,0,5,6,4,6,3,10,1,,1,1
Poblacion,POB-0012,5,3,4,7,1,6,10,7,10,10,0,8,6,8,8,7,8,9,,1,2
Poblacion,POB-0013,0,9,0,3,10,6,6,3,6,1,1,3,3,9,8,6,4,8,,1,2
Poblacion,POB-0014,4,1,7,1,6,6,2,4,9,0,2,6,5,7,9,8,4,5,,1,2
Poblacion,POB-0015,9,2,1,6,2,4,9,0,3,10,4,8,1,4,4,2,0,3,,1,2
Poblacion,POB-0016,9,2,0,8,1,10,8,6,3,9,3,8,2,4,1,1,3,1,,2,1
Poblacion,POB-0017,7,9,6,4,8,4,8,1,10,7,1,5,8,2,7,3,7,3,,2,2
Poblacion,POB-0018,9,10,4,10,1,4,10,2,2,3,10,4,4,1,2,4,8,1,,2,2
Poblacion,POB-0019,4,4,5,0,5,0,0,5,4,1,10,0,5,7,8,0,3,10,,1,2
Poblacion,POB-0020,8,4,9,8,0,7,7,4,4,1,3,5,1,0,1,10,8,3,,1,2
Poblacion,POB-0021,8,6,0,3,9,7,2,7,0,5,9,1,1,2,10,9,7,7,,1,2
Poblacion,POB-0022,4,5,2,5,2,9,8,1,0,5,7,3,2,7,3,3,7,7,,1,1
Poblacion,POB-0023,2,10,8,6,9,5,8,0,5,1,8,5,3,6,9,10,4,2,,1,2
Poblacion,POB-0024,7,1,10,10,10,0,0,6,0,8,5,5,4,8,7,4,5,10,,1,1
Poblacion,POB-0025,6,5,10,0,4,7,10,1,9,3,10,9,9,5,2,1,5,8,Landslide,2,1
Poblacion,POB-0026,2,8,1,10,2,6,5,2,4,7,9,0,1,7,1,2,0,10,,1,1
Poblacion,POB-0027,8,9,9,8,5,7,8,4,1,6,4,0,6,4,3,7,0,10,,1,2
Poblacion,POB-0028,5,0,3,8,0,6,4,4,10,10,4,9,6,10,4,8,1,7,Animal Disease,2,2
Poblacion,POB-0029,4,1,8,1,6,0,10,8,5,0,0,8,0,2,2,8,5,1,,2,1
Poblacion,POB-0030,6,4,6,2,7,8,1,6,4,0,0,2,9,0,7,10,4,3,Crop Disease,1,1
Poblacion,POB-0031,0,6,4,2,6,9,1,5,2,10,9,2,1,0,3,2,6,2,Fire,2,1
Poblacion,POB-0032,5,1,6,3,8,10,3,2,4,5,0,1,9,7,2,0,8,10,,1,2
Poblacion,POB-0033,8,10,9,4,2,5,7,5,6,4,0,5,0,3,10,5,3,10,,2,2
Poblacion,POB-0034,5,2,9,3,0,4,10,10,9,8,2,8,8,9,0,2,9,0,,1,2
Poblacion,POB-0035,8,9,4,9,8,8,8,4,7,10,4,4,10,8,7,3,9,7,Oil Spill,1,2
Poblacion,POB-0036,4,10,4,5,10,2,7,2,10,1,1,7,2,2,7,9,2,1,Tsunami,2,1
Poblacion,POB-0037,4,2,9,1,4,5,7,4,5,1,5,3,6,5,5,2,7,7,,1,2
Poblacion,POB-0038,4,9,8,7,7,6,8,1,0,5,4,7,9,3,5,5,10,9,,2,2
Poblacion,POB-0039,2,8,1,6,10,7,2,5,6,7,2,3,3,9,9,10,10,0,,1,2
Poblacion,POB-0040,4,8,0,10,1,5,8,2,9,5,8,9,6,6,0,8,1,0,,2,1
Poblacion,POB-0041,6,3,3,0,1,7,3,6,7,3,8,6,9,5,1,2,10,4,,1,2
Poblacion,POB-0042,4,1,8,5,1,0,10,8,2,9,6,4,9,7,2,7,10,5,Landslide,2,1
Poblacion,POB-0043,0,10,6,9,6,4,5,8,8,6,8,9,6,6,5,6,6,2,,2,2
Poblacion,POB-0044,8,9,3,2,10,1,0,9,8,5,5,6,7,2,0,6,3,2,,2,2
Poblacion,POB-0045,2,7,2,3,5,8,3,1,7,0,4,7,8,10,0,6,1,2,,2,1
Poblacion,POB-0046,6,9,4,0,5,2,6,1,3,9,10,1,8,2,10,5,10,5,,1,2
Poblacion,POB-0047,1,4,5,7,4,5,2,5,5,7,0,10,8,10,3,10,9,10,Fire,2,1
Poblacion,POB-0048,0,3,7,3,5,6,6,6,6,3,10,5,2,10,10,7,6,10,,2,1
Poblacion,POB-0049,3,10,6,3,4,10,7,6,7,10,3,2,6,9,4,6,7,3,,2,2
Poblacion,POB-0050,6,9,6,3,7,7,5,9,0,5,8,8,4,6,8,1,5,7,,1,1
Poblacion,POB-0051,7,2,2,7,6,7,4,1,3,6,2,4,9,4,7,7,6,4,Water Shortage,2,1
Poblacion,POB-0052,6,0,1,5,10,5,2,3,9,9,9,1,4,6,9,2,7,3,,2,1
Poblacion,POB-0053,10,8,9,10,2,7,3,9,3,6,7,3,7,6,3,10,5,2,,2,1
Poblacion,POB-0054,8,6,10,2,0,3,6,2,10,5,1,5,3,8,1,6,8,8,,1,2
Poblacion,POB-0055,10,3,10,0,5,10,7,1,9,8,7,3,4,5,5,5,6,3,Oil Spill,1,2
Poblacion,POB-0056,8,6,3,7,2,8,1,8,6,7,2,5,6,2,7,0,3,5,,1,1
Poblacion,POB-0057,8,3,3,1,4,4,7,6,2,0,6,4,9,7,9,2,8,0,,2,1
Poblacion,POB-0058,9,2,6,2,9,8,0,0,9,8,4,5,6,9,3,5,3,6,,1,2
Poblacion,POB-0059,2,5,8,2,9,8,2,8,4,7,9,4,3,1,9,7,4,4,,2,2
Poblacion,POB-0060,1,7,10,9,4,6,9,1,7,3,4,8,1,10,10,7,4,2,,2,2
Poblacion,POB-0061,4,2,3,6,0,1,9,2,0,9,1,7,3,1,8,3,7,6,Armed Conflict,1,2
Poblacion,POB-0062,4,1,9,0,4,6,5,7,3,3,2,9,5,8,3,9,9,10,,1,1
Poblacion,POB-0063,5,4,8,5,0,10,5,10,4,9,3,7,2,7,5,3,0,0,,1,2
Poblacion,POB-0064,2,0,8,8,8,9,9,6,6,7,3,7,7,7,6,10,9,3,Volcanic Activity,2,1
Poblacion,POB-0065,6,3,9,6,3,6,0,3,3,8,8,1,4,5,4,1,0,6,,2,2
Poblacion,POB-0066,5,5,5,8,4,8,5,7,5,4,4,10,9,3,4,8,5,4,,1,1
Poblacion,POB-0067,5,2,2,0,8,5,1,9,7,7,1,4,6,0,4,3,2,3,,1,1
Poblacion,POB-0068,8,4,3,5,7,6,8,0,1,10,5,0,10,6,10,9,3,9,,2,1
Poblacion,POB-0069,8,2,3,8,8,8,3,0,3,8,5,6,9,2,6,8,1,2,,1,1
Poblacion,POB-0070,2,0,8,9,9,9,6,1,7,0,2,2,10,1,10,3,7,4,,2,2
Poblacion,POB-0071,8,10,8,1,6,1,1,8,8,8,1,7,3,10,1,0,3,8,,2,2
Poblacion,POB-0072,1,1,1,9,8,10,4,6,8,8,6,4,5,10,1,10,5,5,,1,1
Poblacion,POB-0073,10,0,7,10,1,5,2,8,8,6,7,5,3,8,3,6,10,7,,1,2
Poblacion,POB-0074,3,6,0,9,6,0,10,6,1,0,3,2,3,1,5,3,9,10,,2,2
Poblacion,POB-0075,5,10,9,4,5,10,7,10,1,7,0,5,1,0,2,3,5,9,,1,2
Poblacion,POB-0076,10,8,8,3,6,2,7,2,2,8,7,3,9,7,0,5,3,2,Power Outage,1,1
Poblacion,POB-0077,0,1,7,6,2,1,8,4,2,3,7,4,2,3,6,1,8,7,,1,2
Poblacion,POB-0078,5,1,1,10,7,6,5,8,10,8,3,10,1,1,2,0,2,6,,1,1
Poblacion,POB-0079,9,5,7,10,3,7,0,6,7,2,10,7,4,4,9,5,8,0,,1,1
Poblacion,POB-0080,9,8,4,6,3,3,6,2,10,5,10,1,3,5,6,5,9,3,,1,2
Poblacion,POB-0081,9,3,2,6,10,1,8,9,5,6,6,10,3,0,1,0,8,9,,1,1
Poblacion,POB-0082,3,4,9,5,2,10,3,2,5,3,0,9,2,2,4,2,6,3,,1,2
Poblacion,POB-0083,10,6,6,9,4,1,8,8,6,7,2,0,1,7,9,10,5,0,Fire,1,2
Poblacion,POB-0084,0,1,2,7,7,9,4,10,0,6,4,6,3,10,5,2,2,6,,2,2
Poblacion,POB-0085,10,4,10,7,2,5,2,7,5,4,6,1,0,8,3,9,10,2,,2,1
Poblacion,POB-0086,9,1,10,1,10,7,9,5,7,9,9,3,9,10,10,9,2,6,,2,1
Poblacion,POB-0087,9,4,9,0,5,6,2,3,10,3,2,10,7,9,2,3,10,9,Power Outage,1,2
Poblacion,POB-0088,8,7,8,1,4,6,0,0,2,4,0,2,3,9,8,8,8,3,,1,2
Poblacion,POB-0089,1,10,6,8,9,2,8,7,8,3,3,7,4,0,8,5,8,7,,1,2
Poblacion,POB-0090,6,8,4,7,3,7,4,9,6,10,3,2,6,10,2,3,8,7,,2,2
Poblacion,POB-0091,6,3,7,2,10,7,6,9,0,8,4,4,4,8,6,6,0,1,,2,1
Poblacion,POB-0092,0,3,7,3,7,1,1,5,6,0,0,2,6,2,5,5,2,1,,2,1
Poblacion,POB-0093,8,2,9,4,0,9,4,0,8,9,9,4,0,5,4,6,4,8,,2,2
Poblacion,POB-0094,9,5,10,2,6,10,5,4,6,2,10,5,10,0,10,3,7,1,,2,1
Poblacion,POB-0095,8,7,0,10,6,1,4,2,1,1,7,3,2,7,5,1,3,8,,2,1
Poblacion,POB-0096,4,9,9,0,4,6,2,8,6,5,1,9,0,2,9,2,6,8,,1,2
Poblacion,POB-0097,2,8,10,9,3,6,0,7,1,10,3,7,5,3,9,2,7,9,,1,1
Poblacion,POB-0098,8,8,6,9,6,6,8,2,10,3,7,7,2,1,8,3,7,8,,2,2
Poblacion,POB-0099,6,1,6,5,0,4,3,3,9,10,4,10,7,6,5,7,8,6,,2,2
Poblacion,POB-0100,6,3,4,10,1,1,3,5,3,0,4,1,5,7,5,8,0,4,,1,2
Poblacion,POB-0101,8,1,5,9,8,4,9,2,9,1,3,10,8,9,7,7,10,4,Animal Disease,2,1
Poblacion,POB-0102,3,2,0,5,10,3,6,5,7,9,3,3,7,10,1,3,0,2,,1,1
Poblacion,POB-0103,4,0,5,4,6,9,3,7,8,1,6,5,7,9,2,9,10,5,,2,2
Poblacion,POB-0104,5,5,7,1,4,6,7,7,5,5,2,10,1,4,2,8,2,10,,1,2
Poblacion,POB-0105,3,2,1,1,5,6,5,4,9,1,1,8,2,0,6,6,2,5,,1,1
Poblacion,POB-0106,4,9,8,8,3,10,2,8,2,5,1,10,0,2,5,10,8,8,,1,1
Poblacion,POB-0107,2,0,5,0,2,1,10,1,10,2,9,8,0,9,10,10,0,5,,1,1
Poblacion,POB-0108,5,5,6,2,7,5,6,9,4,2,6,9,0,5,4,2,2,6,,2,1
Poblacion,POB-0109,1,8,10,0,5,7,3,5,0,4,3,4,1,4,0,3,1,3,,1,1
Poblacion,POB-0110,4,5,4,7,8,2,0,8,10,1,0,7,6,7,3,0,7,7,,1,2
Poblacion,POB-0111,0,0,9,6,7,4,3,8,10,3,1,2,5,9,2,9,5,0,,1,2
Poblacion,POB-0112,2,9,4,5,1,5,9,5,8,3,0,5,6,5,3,5,5,0,,2,2
Poblacion,POB-0113,3,6,1,2,2,1,4,4,7,7,4,2,8,8,2,9,9,3,,1,1
Poblacion,POB-0114,9,10,0,5,10,6,8,9,10,6,6,4,5,1,3,0,6,10,Landslide,2,1
Poblacion,POB-0115,2,3,0,1,1,10,2,2,10,4,7,5,5,6,9,10,4,10,,1,2
Poblacion,POB-0116,2,8,5,0,7,1,4,5,4,4,8,4,10,8,8,2,4,4,,1,1
Poblacion,POB-0117,0,6,6,3,4,2,10,6,1,9,9,8,6,2,0,3,0,5,,2,1
Poblacion,POB-0118,6,1,4,10,9,1,2,8,0,6,10,7,7,1,2,10,5,7,,1,1
Poblacion,POB-0119,3,6,9,2,3,8,10,0,0,6,3,3,1,8,3,10,6,2,,1,1
Poblacion,POB-0120,6,3,1,6,4,8,7,6,10,8,4,8,2,10,0,10,5,9,Pandemic,2,1
Poblacion,POB-0121,0,10,0,4,0,2,0,4,2,3,1,3,6,0,5,10,9,0,,2,2
Poblacion,POB-0122,8,6,9,2,8,3,5,4,2,8,1,2,4,0,9,9,6,1,,1,1
Poblacion,POB-0123,4,7,4,8,10,10,10,10,2,2,3,9,0,5,2,8,4,8,,1,2
Poblacion,POB-0124,6,9,8,8,10,6,1,2,10,9,9,3,6,9,8,4,3,3,,1,2
Pundaguitan,PUN-0001,10,0,0,1,6,7,9,1,0,6,5,1,5,8,8,7,10,9,,2,2
Pundaguitan,PUN-0002,0,4,9,4,8,0,10,7,5,1,6,6,4,0,7,8,3,4,,2,2
Pundaguitan,PUN-0003,6,10,8,4,9,1,9,6,6,9,5,4,9,2,2,2,1,0,,1,1
Pundaguitan,PUN-0004,7,6,6,3,9,4,7,4,10,5,8,8,3,0,1,5,4,9,,1,1
Pundaguitan,PUN-0005,7,7,2,4,6,9,8,0,7,4,6,0,3,0,8,5,8,8,,2,1
Pundaguitan,PUN-0006,6,1,4,5,5,2,9,10,0,0,4,0,3,3,4,4,3,9,Water Shortage,1,2
Pundaguitan,PUN-0007,3,1,10,2,2,8,5,4,5,1,2,10,5,10,4,10,6,2,,1,1
Pundaguitan,PUN-0008,2,0,9,1,3,5,3,1,6,1,5,2,4,4,7,10,5,8,,2,1
Pundaguitan,PUN-0009,0,6,10,6,3,5,3,1,8,1,9,1,8,1,2,8,6,10,,2,2
Pundaguitan,PUN-0010,7,4,5,6,5,1,9,5,3,3,4,0,7,8,1,7,1,8,,1,2
Pundaguitan,PUN-0011,4,4,4,5,1,5,10,4,8,8,8,1,5,5,10,10,0,6,,1,1
Pundaguitan,PUN-0012,9,7,3,5,9,2,3,7,3,6,9,4,7,6,4,7,8,3,,1,2
Pundaguitan,PUN-0013,8,9,3,2,10,0,9,4,10,0,10,6,6,10,10,7,3,0,,1,1
Pundaguitan,PUN-0014,7,4,7,3,5,6,3,8,2,3,1,9,10,0,3,1,10,5,,2,1
Pundaguitan,PUN-0015,5,8,8,8,2,1,4,1,2,5,1,1,5,1,7,2,9,2,,2,1
Pundaguitan,PUN-0016,6,9,0,1,9,8,1,8,8,6,0,7,3,3,6,6,1,9,,1,1
Pundaguitan,PUN-0017,6,2,10,8,1,1,4,4,9,5,1,0,10,2,7,6,2,4,,2,1
Pundaguitan,PUN-0018,10,0,10,7,5,0,1,6,9,0,9,8,3,10,5,1,6,3,,1,2
Pundaguitan,PUN-0019,7,8,0,1,8,9,10,5,8,2,9,9,1,4,9,10,2,9,,2,2
Pundaguitan,PUN-0020,4,8,0,5,8,2,3,3,8,3,6,5,6,2,9,6,10,0,,1,1
Pundaguitan,PUN-0021,9,3,5,4,1,4,5,0,7,6,8,0,1,6,1,2,10,6,,1,1
Pundaguitan,PUN-0022,4,9,7,2,2,10,5,6,1,8,0,7,3,1,10,6,6,9,,1,1
Pundaguitan,PUN-0023,5,0,6,10,9,6,2,0,5,0,9,2,3,3,1,9,1,0,,1,1
Pundaguitan,PUN-0024,2,8,4,1,10,3,9,1,1,10,7,10,1,1,6,9,6,1,,2,1
Pundaguitan,PUN-0025,10,0,7,1,7,3,2,4,10,7,1,10,8,5,1,5,6,8,,1,2
Pundaguitan,PUN-0026,4,1,3,9,10,10,2,5,9,2,5,10,5,2,0,4,7,5,,1,1
Pundaguitan,PUN-0027,1,7,7,7,2,2,2,0,9,4,9,9,5,3,10,6,9,8,Landslide,1,2
Pundaguitan,PUN-0028,10,5,8,3,8,7,6,7,9,10,2,1,4,9,7,10,3,4,,1,1
Pundaguitan,PUN-0029,2,0,7,10,6,8,10,5,10,1,7,8,1,9,1,10,0,1,,2,1
Pundaguitan,PUN-0030,6,3,7,10,7,7,9,0,6,3,8,2,0,4,1,2,8,4,,2,1
Pundaguitan,PUN-0031,4,7,4,7,4,9,1,1,1,3,4,0,3,1,6,2,6,5,,2,2
Pundaguitan,PUN-0032,3,9,0,0,1,9,8,9,2,6,8,5,7,1,10,1,7,3,,1,2
Pundaguitan,PUN-0033,3,6,7,1,0,5,3,3,5,6,1,2,0,1,2,4,0,6,,2,1
Pundaguitan,PUN-0034,6,7,5,9,0,10,2,0,6,3,4,3,5,4,3,4,9,2,Oil Spill,2,2
Pundaguitan,PUN-0035,8,2,3,4,7,7,9,10,8,10,3,4,6,4,2,9,2,8,,1,1
Pundaguitan,PUN-0036,6,5,6,3,10,2,4,4,4,3,10,8,8,1,10,1,0,0,,1,2
Pundaguitan,PUN-0037,1,9,8,8,2,9,4,7,7,1,9,4,9,7,9,3,0,4,,2,2
Pundaguitan,PUN-0038,9,1,0,5,6,1,5,10,0,6,0,3,1,9,4,6,7,3,,2,2
Pundaguitan,PUN-0039,9,3,9,10,3,4,4,4,1,6,6,3,7,10,4,2,1,8,,1,1
Pundaguitan,PUN-0040,4,4,0,3,5,9,10,5,6,8,6,10,5,5,0,7,0,3,,1,2
Pundaguitan,PUN-0041,8,0,5,6,2,4,10,8,8,9,8,2,5,4,7,8,1,3,,1,1
Pundaguitan,PUN-0042,1,5,0,7,2,9,6,4,1,5,4,4,0,6,0,4,10,8,Armed Conflict,1,1
Pundaguitan,PUN-0043,5,7,6,10,10,8,4,8,7,8,7,9,7,7,0,7,5,7,,2,1
Pundaguitan,PUN-0044,5,9,9,0,1,10,3,9,5,5,10,3,3,10,6,9,10,6,,1,2
Pundaguitan,PUN-0045,7,6,3,0,2,7,8,3,0,10,4,5,9,3,1,3,5,4,,2,1
Pundaguitan,PUN-0046,6,0,9,4,3,5,3,6,4,3,2,7,1,1,4,7,9,10,,2,1
Pundaguitan,PUN-0047,2,1,10,2,7,1,4,0,5,0,6,4,1,2,10,0,4,4,,1,2
Pundaguitan,PUN-0048,4,1,6,2,0,10,6,10,4,10,0,5,5,6,6,7,1,5,,2,1
Pundaguitan,PUN-0049,8,10,2,2,9,2,3,10,2,9,5,4,9,4,4,10,9,8,,2,1
Pundaguitan,PUN-0050,4,9,7,8,3,2,10,10,7,4,9,0,6,8,8,1,3,10,Extreme Heat,2,1
Pundaguitan,PUN-0051,10,2,0,0,9,8,6,3,10,1,2,10,0,9,7,1,6,5,Fire,2,1
Pundaguitan,PUN-0052,4,6,7,4,0,6,4,4,3,7,7,9,10,0,0,6,8,2,,2,1
Pundaguitan,PUN-0053,6,0,0,2,6,9,3,5,8,1,0,7,4,7,5,9,0,2,,1,2
Pundaguitan,PUN-0054,2,2,9,10,0,1,10,3,1,4,1,7,6,1,4,8,9,0,Armed Conflict,1,2
Sergio Osmeña,SER-0001,6,8,8,0,2,7,0,1,6,1,3,9,2,9,10,6,4,8,,1,1
Sergio Osmeña,SER-0002,6,5,10,10,5,7,10,10,10,8,8,5,5,3,7,10,9,5,,1,1
Sergio Osmeña,SER-0003,10,0,5,10,8,3,7,8,10,2,3,3,8,7,0,2,5,8,,2,2
Sergio Osmeña,SER-0004,0,1,6,9,10,6,6,7,3,9,3,0,0,10,5,1,7,3,,2,1
Sergio Osmeña,SER-0005,2,5,6,0,1,1,5,10,8,7,0,1,9,2,8,1,8,1,Pandemic,2,2
Sergio Osmeña,SER-0006,5,4,0,2,2,2,6,9,7,7,10,9,6,9,3,6,0,10,,2,1
Sergio Osmeña,SER-0007,8,8,10,8,4,8,5,3,8,9,8,1,5,9,3,4,5,7,,2,2
Sergio Osmeña,SER-0008,9,3,0,4,6,8,4,10,0,6,2,4,8,6,5,5,6,10,Power Outage,2,2
Sergio Osmeña,SER-0009,8,4,4,9,6,2,1,3,2,5,0,3,0,4,6,2,6,8,,2,1
Sergio Osmeña,SER-0010,4,10,7,4,10,4,8,4,10,8,10,4,2,9,5,10,3,9,,2,1
Sergio Osmeña,SER-0011,10,3,2,9,10,6,7,2,8,8,0,9,5,3,1,8,1,10,,1,1
Sergio Osmeña,SER-0012,4,3,8,8,4,10,0,8,9,6,7,6,6,6,2,0,4,8,,2,1
Sergio Osmeña,SER-0013,1,2,0,10,1,9,9,7,0,1,7,9,5,4,6,3,3,2,,1,2
Sergio Osmeña,SER-0014,2,2,9,8,6,7,0,7,7,5,3,6,0,2,9,6,5,5,,1,2
Sergio Osmeña,SER-0015,4,0,5,2,6,5,8,4,4,4,2,4,0,4,3,9,2,8,,2,1
Sergio Osmeña,SER-0016,7,8,8,4,10,2,1,6,8,10,1,7,1,8,1,9,5,3,,1,1
Sergio Osmeña,SER-0017,8,6,4,5,9,0,1,5,0,6,1,7,10,1,10,2,0,7,,1,1
Sergio Osmeña,SER-0018,9,0,10,6,1,4,5,5,7,9,4,5,5,5,0,2,9,10,,2,2
Sergio Osmeña,SER-0019,10,4,1,1,3,5,2,4,5,10,7,10,7,1,6,2,0,4,,1,2
Sergio Osmeña,SER-0020,3,9,8,7,7,8,7,6,9,10,0,0,8,0,6,5,1,5,,1,2
Sergio Osmeña,SER-0021,9,7,8,7,10,0,8,4,10,1,9,1,3,1,5,5,3,4,,1,1
Sergio Osmeña,SER-0022,5,8,6,9,4,3,8,0,9,5,2,10,7,4,4,8,9,9,,2,2
Sergio Osmeña,SER-0023,6,10,1,8,4,3,1,8,5,8,5,1,2,3,9,2,4,5,,1,2
Sergio Osmeña,SER-0024,10,8,0,10,5,4,0,8,0,10,8,7,1,9,4,7,4,7,,2,1
Sergio Osmeña,SER-0025,4,4,6,2,0,10,1,8,8,3,1,0,4,5,1,2,4,6,,2,2
Sergio Osmeña,SER-0026,2,7,3,10,7,5,10,6,1,5,3,7,10,1,10,7,3,1,Animal Disease,1,1
Sergio Osmeña,SER-0027,8,6,8,1,8,10,2,1,2,9,5,9,8,0,10,6,4,0,,2,1
Sergio Osmeña,SER-0028,0,6,3,10,1,6,0,2,2,0,5,1,8,3,0,2,9,8,,1,1
Sergio Osmeña,SER-0029,1,2,0,6,5,2,1,8,7,8,0,6,8,8,8,0,2,6,,1,1
Sergio Osmeña,SER-0030,2,7,9,6,2,6,2,6,5,1,7,2,2,4,8,0,8,2,,1,1
Sergio Osmeña,SER-0031,2,10,9,8,8,3,3,9,9,3,5,6,6,8,1,9,10,5,,1,1
Sergio Osmeña,SER-0032,2,9,7,7,0,2,6,3,5,1,3,10,9,10,4,7,1,1,,2,2
Sergio Osmeña,SER-0033,7,4,0,7,0,8,6,7,9,10,6,0,0,9,3,10,1,5,,1,2
Sergio Osmeña,SER-0034,7,2,10,3,6,5,5,2,5,5,1,2,4,9,7,9,7,7,,1,1
Sergio Osmeña,SER-0035,10,3,10,4,3,1,0,5,1,8,6,2,0,6,7,1,9,0,,2,1
Sergio Osmeña,SER-0036,6,3,1,9,9,3,0,3,8,7,0,10,4,3,5,8,7,8,,2,2
Sergio Osmeña,SER-0037,2,9,4,0,6,10,6,2,8,7,1,10,6,6,2,0,1,2,,1,2
Sergio Osmeña,SER-0038,0,0,8,3,6,5,1,9,1,10,2,1,7,3,8,0,4,9,,1,1
Sergio Osmeña,SER-0039,5,1,7,2,2,7,3,4,7,6,7,2,8,4,8,7,9,8,,1,1
Sergio Osmeña,SER-0040,0,3,4,1,9,7,6,9,5,7,10,3,5,0,7,1,5,0,,2,2
Sergio Osmeña,SER-0041,10,2,3,6,4,6,9,8,8,5,10,3,3,5,6,2,8,5,,2,1
Sergio Osmeña,SER-0042,9,9,2,6,6,8,0,3,3,1,2,1,9,8,10,2,4,10,Tsunami,1,2
Sergio Osmeña,SER-0043,8,1,6,0,10,1,2,9,9,2,0,6,10,0,1,2,10,4,,2,1
Surop,SUR-0001,6,4,9,6,9,10,10,0,2,1,9,5,7,7,6,4,0,9,,2,1
Surop,SUR-0002,7,3,4,2,8,6,4,8,6,9,2,10,6,4,6,1,7,8,,2,1
Surop,SUR-0003,9,1,3,7,7,1,4,0,9,10,3,4,8,8,8,4,1,0,,1,1
Surop,SUR-0004,0,8,10,8,2,8,6,3,6,4,2,1,6,7,3,5,0,1,,2,2
Surop,SUR-0005,0,2,1,8,8,7,3,7,10,4,0,7,3,8,7,3,10,6,Pest Infestation,1,2
Surop,SUR-0006,4,6,8,8,2,6,10,8,3,3,6,1,9,6,8,2,9,0,,2,1
Surop,SUR-0007,6,1,3,7,2,4,5,1,6,8,7,5,3,0,5,7,1,7,,2,2
Surop,SUR-0008,4,3,1,4,5,4,9,1,9,0,8,6,4,1,3,5,1,8,,1,2
Surop,SUR-0009,3,9,9,3,5,7,1,9,5,7,0,5,2,7,9,8,8,2,,2,1
Surop,SUR-0010,3,3,9,9,5,4,6,3,8,8,3,1,1,6,8,10,8,5,,1,1
Surop,SUR-0011,6,7,5,1,5,7,4,10,8,6,0,7,6,4,7,2,8,10,,2,2
Surop,SUR-0012,9,4,9,8,3,6,8,2,3,7,7,5,7,2,5,1,3,8,,2,2
Surop,SUR-0013,4,10,4,8,2,6,4,5,4,2,6,7,1,4,10,5,0,6,Earthquake,1,2
Surop,SUR-0014,5,1,1,6,2,6,10,3,4,10,0,1,5,10,2,6,0,1,,1,1
Surop,SUR-0015,10,3,10,2,0,0,8,7,9,1,4,2,8,9,7,9,6,4,,2,2
Surop,SUR-0016,1,1,0,0,8,0,8,2,8,8,4,6,5,0,10,6,2,1,,2,2
Surop,SUR-0017,6,9,5,2,3,10,5,4,1,5,4,7,5,10,4,9,3,6,,1,1
Surop,SUR-0018,0,1,2,2,4,4,4,9,1,5,10,8,1,8,5,7,5,5,,1,1
Surop,SUR-0019,9,10,10,8,9,6,5,10,8,4,9,10,2,9,5,8,6,4,,2,1
Surop,SUR-0020,4,3,10,2,4,2,2,3,8,4,2,9,5,1,9,1,10,3,,1,1
Surop,SUR-0021,0,10,2,2,3,5,1,0,9,0,10,0,2,6,9,1,5,3,,2,2
Surop,SUR-0022,1,9,10,7,8,1,3,8,4,0,1,2,6,4,10,0,9,9,,1,2
Surop,SUR-0023,7,7,1,7,4,9,2,10,0,0,7,4,6,0,5,10,10,2,,2,1
Surop,SUR-0024,10,5,0,3,0,9,7,2,9,2,10,9,0,6,5,10,0,1,,1,2
Surop,SUR-0025,5,6,4,10,8,8,9,1,2,2,8,0,5,8,10,9,10,9,,1,1
Surop,SUR-0026,1,3,6,0,4,6,9,5,10,1,8,0,9,7,7,8,7,2,,2,2
Surop,SUR-0027,1,4,2,3,9,0,3,8,3,3,6,6,1,0,2,2,0,1,,2,1
Surop,SUR-0028,6,5,9,4,1,5,1,8,0,4,10,6,3,9,6,7,7,10,,2,2
Surop,SUR-0029,8,7,3,5,2,3,8,4,1,6,8,5,0,9,2,9,2,10,,1,2
Surop,SUR-0030,4,1,5,1,7,0,7,2,3,7,9,3,8,9,10,3,7,7,,2,2
Surop,SUR-0031,5,3,8,0,6,1,5,8,5,10,0,7,6,3,7,9,0,5,,2,1
Surop,SUR-0032,10,7,3,5,7,9,3,7,9,0,0,3,6,4,3,8,1,6,,1,2
Surop,SUR-0033,4,5,5,1,8,10,2,4,10,9,4,5,0,2,8,0,6,8,,2,1
Surop,SUR-0034,6,7,8,1,9,7,1,10,9,10,1,1,3,9,2,1,1,4,,1,2
Surop,SUR-0035,9,9,6,2,10,3,10,1,2,4,7,1,2,7,0,5,2,6,Typhoon,2,1
Surop,SUR-0036,10,0,0,5,7,8,3,4,5,9,7,6,10,9,2,2,1,4,,1,1
Surop,SUR-0037,8,5,4,6,4,10,7,6,10,7,2,5,9,6,8,3,6,8,,1,1
Surop,SUR-0038,5,5,10,10,7,0,3,1,2,10,6,9,0,8,1,4,0,5,,1,2
Surop,SUR-0039,3,0,4,6,4,0,4,1,9,0,3,8,7,3,8,9,4,5,,2,2
Surop,SUR-0040,3,0,10,5,7,0,10,1,8,8,2,0,7,1,3,8,8,8,,2,1
Surop,SUR-0041,7,5,6,5,2,10,8,5,1,7,9,5,3,8,9,1,3,6,,2,1
Surop,SUR-0042,0,7,1,9,2,10,9,2,7,8,2,10,0,2,5,9,1,6,,2,2
Surop,SUR-0043,3,2,6,7,7,7,4,1,5,10,0,0,4,2,5,2,5,3,,2,1
Surop,SUR-0044,2,3,8,1,2,3,0,5,8,1,7,10,4,10,1,10,2,2,,1,2
Surop,SUR-0045,7,2,10,0,7,9,2,10,0,4,8,0,7,3,4,10,2,3,,1,2
Surop,SUR-0046,5,6,6,0,10,0,2,1,0,9,10,6,2,10,4,10,4,5,,1,1
Surop,SUR-0047,4,10,7,1,8,1,2,3,9,9,5,0,10,3,0,10,1,0,Earthquake,1,1
Surop,SUR-0048,10,2,7,1,5,1,5,10,10,6,2,6,1,10,8,10,5,4,,2,2
Surop,SUR-0049,1,9,1,6,3,4,8,0,4,10,0,3,0,7,8,10,3,4,Typhoon,2,1
Surop,SUR-0050,10,4,4,10,6,1,9,3,5,1,2,7,4,3,9,0,5,4,,2,2
Surop,SUR-0051,9,6,5,5,6,1,0,7,0,0,2,7,9,3,6,0,5,6,,1,2
Surop,SUR-0052,7,9,6,3,3,0,2,4,6,1,3,4,3,8,10,3,7,6,,1,1
Surop,SUR-0053,5,0,6,6,3,3,8,3,9,4,1,8,5,2,7,2,10,10,,1,1
Surop,SUR-0054,10,1,6,5,4,8,4,10,9,10,4,0,1,6,5,7,8,10,,2,2
Surop,SUR-0055,3,4,2,5,9,7,1,3,9,4,7,0,0,7,8,3,6,7,,1,1
Surop,SUR-0056,0,3,10,5,8,5,7,6,0,3,7,6,6,8,0,3,4,0,Drought,1,1
Surop,SUR-0057,10,5,2,5,0,6,4,5,6,10,5,4,9,0,2,10,1,6,,2,2
Surop,SUR-0058,8,2,7,9,1,0,3,4,1,9,9,6,8,8,9,9,7,3,,1,2
Tagabebe,TAG-0001,7,10,9,9,10,2,5,5,9,7,1,0,9,1,9,1,5,8,,2,1
Tagabebe,TAG-0002,5,4,8,7,2,1,10,8,10,8,9,9,4,2,6,5,9,4,,1,1
Tagabebe,TAG-0003,2,6,8,10,6,0,0,9,8,1,7,5,1,6,9,1,8,0,,2,2
Tagabebe,TAG-0004,0,9,2,10,8,10,9,9,3,10,5,1,4,3,10,1,2,5,,2,1
Tagabebe,TAG-0005,4,3,2,9,3,3,0,5,3,4,5,1,1,0,7,7,3,1,,1,1
Tagabebe,TAG-0006,8,6,1,10,1,5,7,5,9,10,3,2,5,4,2,4,9,10,,2,1
Tagabebe,TAG-0007,8,5,2,2,7,5,10,4,5,1,7,8,4,1,0,5,7,10,,2,2
Tagabebe,TAG-0008,9,8,0,2,6,7,4,3,1,7,7,9,1,9,3,6,10,1,,2,1
Tagabebe,TAG-0009,10,5,9,9,3,1,10,6,1,8,0,0,4,7,3,10,6,10,,1,1
Tagabebe,TAG-0010,8,10,1,2,0,5,7,1,5,1,4,4,9,4,7,3,7,10,,2,2
Tagabebe,TAG-0011,9,5,0,6,7,4,2,2,10,6,5,5,1,7,10,0,0,9,,1,2
Tagabebe,TAG-0012,0,2,10,6,1,2,8,8,1,0,9,4,9,4,2,5,1,0,,1,1
Tagabebe,TAG-0013,8,5,3,6,5,3,0,7,9,9,8,2,3,0,2,9,5,9,Crop Disease,1,2
Tagabebe,TAG-0014,10,4,4,2,9,10,5,1,3,3,7,4,2,1,2,6,4,2,Typhoon,2,1
Tagabebe,TAG-0015,5,5,9,1,10,1,2,8,7,9,9,9,1,7,10,0,7,5,Pandemic,1,2
Tagabebe,TAG-0016,2,0,4,5,5,3,0,7,5,3,9,0,0,6,9,10,4,6,,1,1
Tagabebe,TAG-0017,1,10,2,3,8,2,0,5,2,0,10,2,9,2,1,6,4,0,,2,2
Tagabebe,TAG-0018,6,8,9,0,8,8,5,8,7,10,4,2,5,3,6,9,1,2,,1,2
Tagabebe,TAG-0019,8,7,10,0,0,10,5,4,4,3,4,8,1,5,4,10,3,9,,1,2
Tagabebe,TAG-0020,1,10,6,5,9,8,0,10,7,6,9,5,3,1,10,4,2,8,,2,2
Tagabebe,TAG-0021,3,1,4,7,3,1,6,9,5,2,10,9,1,6,3,3,3,6,,2,2
Tagabebe,TAG-0022,8,8,1,0,6,2,7,2,3,0,2,10,3,7,3,4,8,3,Forest Fire,1,2
Tagabebe,TAG-0023,0,6,6,3,10,6,2,8,3,8,9,10,8,1,8,3,6,8,,2,1
Tagabebe,TAG-0024,7,1,3,1,1,1,9,10,2,5,5,10,3,3,0,5,2,10,,1,2
Tagabebe,TAG-0025,0,1,6,6,3,3,8,9,7,1,4,2,4,5,1,2,3,9,Mining Accident,2,2
Tagabebe,TAG-0026,6,2,4,10,0,8,4,1,0,9,2,0,0,2,1,4,1,2,,2,2
Tagabebe,TAG-0027,8,1,4,2,1,8,0,8,5,6,4,5,0,0,3,10,9,2,,2,2
Tagabebe,TAG-0028,10,7,10,2,10,5,5,8,2,9,5,1,8,6,0,4,4,8,,1,1
Tagabebe,TAG-0029,10,3,9,8,3,9,3,2,10,8,8,3,3,4,0,8,10,9,,2,1
Tagabebe,TAG-0030,3,5,1,3,9,5,5,0,10,3,10,4,3,7,0,2,8,2,,1,1
Tagabebe,TAG-0031,10,1,2,2,6,4,8,6,4,9,0,6,9,3,3,7,0,0,,2,2
Tagabebe,TAG-0032,6,7,6,0,4,6,5,3,6,10,8,8,4,7,2,3,2,0,,2,2
Tagabebe,TAG-0033,10,0,8,3,1,10,7,8,5,6,10,0,5,2,7,8,0,9,,1,2
Tagabebe,TAG-0034,0,7,9,5,7,2,9,5,6,7,1,7,3,9,1,1,4,3,,2,2
Tagabebe,TAG-0035,0,7,8,9,1,5,10,9,6,8,10,4,2,5,9,5,1,8,,2,1
Tagabebe,TAG-0036,3,2,1,7,8,5,10,4,7,10,7,4,8,9,2,0,7,3,,1,1
Tagabebe,TAG-0037,1,8,5,7,0,2,5,1,0,9,6,8,6,3,8,8,10,2,,2,2
Tagabebe,TAG-0038,6,8,4,7,8,6,2,0,8,0,9,9,9,8,6,0,9,3,,1,2
Tagabebe,TAG-0039,6,5,10,10,4,5,1,10,7,0,2,4,4,7,6,4,4,8,,2,1
Tagabebe,TAG-0040,6,9,6,8,2,8,2,1,2,6,0,6,3,3,4,7,6,4,,2,2
Tagabebe,TAG-0041,8,1,1,7,7,10,10,4,2,0,10,0,10,4,2,8,7,3,,2,1
Tagabebe,TAG-0042,10,1,3,9,0,1,5,3,0,3,7,2,6,6,5,4,3,3,,2,1
Tagabebe,TAG-0043,3,0,1,10,10,6,6,2,1,8,7,3,6,10,3,8,2,2,,1,2
Tagabebe,TAG-0044,0,4,5,3,5,0,7,9,3,2,6,0,4,0,2,0,7,7,,2,2
Tagabebe,TAG-0045,8,8,0,4,8,1,9,0,7,2,5,8,7,0,9,8,4,10,Volcanic Activity,1,1
Tagabebe,TAG-0046,8,3,8,4,3,8,3,9,4,9,8,0,1,5,7,5,1,5,,2,1
Tagabebe,TAG-0047,1,6,9,2,5,0,7,10,7,7,10,8,7,7,6,7,9,7,,2,2
Tamban,TAM-0001,0,3,0,2,8,2,5,3,3,8,7,9,7,4,3,3,3,8,,2,2
Tamban,TAM-0002,2,10,10,9,4,9,1,2,3,2,1,9,5,1,2,4,7,3,,1,2
Tamban,TAM-0003,5,4,7,1,4,4,10,3,7,3,4,9,0,10,5,8,2,6,,1,2
Tamban,TAM-0004,9,6,7,6,2,9,5,2,4,2,1,1,8,2,0,8,9,10,,1,2
Tamban,TAM-0005,7,2,10,2,9,3,8,9,8,4,5,7,10,4,7,6,8,10,,2,2
Tamban,TAM-0006,1,9,0,2,6,3,7,1,10,0,3,6,2,9,7,5,5,6,,1,1
Tamban,TAM-0007,3,1,0,6,2,1,4,9,1,2,3,3,1,9,1,4,3,5,,1,1
Tamban,TAM-0008,9,10,2,5,9,2,7,3,10,9,4,7,10,2,0,5,2,2,,2,2
Tamban,TAM-0009,6,3,6,3,2,0,3,5,1,10,4,0,8,0,3,6,10,9,,2,2
Tamban,TAM-0010,8,4,6,2,2,4,0,8,7,3,3,6,1,3,10,4,8,7,,1,1
Tamban,TAM-0011,7,10,4,6,0,7,9,2,10,7,5,5,3,2,1,4,2,3,,1,1
Tamban,TAM-0012,10,10,8,0,6,2,1,8,10,7,5,7,8,5,7,7,2,8,,1,2
Tamban,TAM-0013,5,3,6,4,3,10,7,9,9,6,4,9,6,3,2,1,9,10,,1,2
Tamban,TAM-0014,10,4,9,7,4,3,6,4,7,3,1,7,8,9,7,7,7,4,,1,1
Tamban,TAM-0015,8,0,4,3,4,10,4,7,8,6,8,4,10,7,10,6,6,0,,2,2
Tamban,TAM-0016,0,0,3,2,6,7,10,5,7,0,5,4,7,9,3,8,4,4,,2,2
Tamban,TAM-0017,3,8,9,5,3,0,10,5,4,0,2,7,2,9,5,1,2,2,,2,2
Tamban,TAM-0018,4,0,0,9,1,3,6,3,4,7,10,8,4,5,6,1,5,0,,2,1
Tamban,TAM-0019,6,9,7,0,7,0,1,3,7,2,1,2,7,4,3,10,7,8,,2,2
Tamban,TAM-0020,6,10,3,8,3,4,9,8,7,4,10,1,3,8,5,3,1,6,,2,1
Tamban,TAM-0021,10,5,7,2,9,1,6,7,7,0,10,3,9,0,3,3,0,10,Mining Accident,2,2
Tamban,TAM-0022,5,5,8,2,8,4,7,8,0,5,9,8,6,3,0,1,4,5,,2,1
Tamban,TAM-0023,8,9,6,4,5,9,9,6,9,5,8,0,10,2,9,10,7,2,,2,2
Tamban,TAM-0024,1,5,6,1,9,0,0,0,10,8,9,1,10,4,1,5,7,0,,1,2
Tamban,TAM-0025,0,9,2,5,3,4,9,4,2,8,10,6,10,1,6,10,4,2,,1,1
Tamban,TAM-0026,10,8,0,8,6,6,8,10,8,3,6,6,3,6,8,1,10,8,,1,1
Tamban,TAM-0027,0,0,10,3,4,6,10,0,1,9,2,5,2,3,9,10,5,9,,1,1
Tamban,TAM-0028,1,0,10,0,9,3,2,3,3,1,3,6,10,8,8,6,10,3,,1,2
Tamban,TAM-0029,2,5,8,0,0,0,4,4,8,6,0,2,1,1,0,7,8,8,,2,1
Tamban,TAM-0030,8,2,5,5,7,5,4,8,8,1,5,7,9,9,5,3,10,9,,1,2
Tamban,TAM-0031,6,5,0,10,1,2,10,3,10,3,2,9,7,0,6,0,3,0,,1,1
Tamban,TAM-0032,8,3,8,1,9,0,8,5,2,0,8,1,9,4,6,10,4,5,,2,1
Tamban,TAM-0033,9,4,3,7,4,10,6,10,8,9,1,10,5,0,1,8,3,3,,2,1
Tamban,TAM-0034,9,3,6,8,3,3,1,0,6,2,6,2,6,7,6,2,7,3,,1,2
Tamban,TAM-0035,3,4,5,9,8,3,5,3,0,7,6,4,10,3,4,0,8,9,,2,2
Tamban,TAM-0036,5,3,2,8,4,5,6,5,2,7,10,2,5,1,1,3,4,6,,1,1
Tandang Sora,TAN-0001,0,7,7,6,6,0,7,2,7,1,9,8,7,7,9,4,3,3,,2,2
Tandang Sora,TAN-0002,2,8,6,10,4,1,7,7,8,7,0,3,3,7,7,9,10,8,,1,2
Tandang Sora,TAN-0003,6,9,4,5,7,2,1,10,6,10,3,4,2,10,5,4,2,4,,2,1
Tandang Sora,TAN-0004,9,3,9,9,1,0,1,5,9,5,7,5,6,4,9,7,1,1,,2,1
Tandang Sora,TAN-0005,1,8,0,4,7,3,5,10,7,10,6,1,9,3,10,5,8,9,,2,2
Tandang Sora,TAN-0006,1,9,5,10,0,8,6,1,4,3,4,7,4,0,4,4,5,4,,2,2
Tandang Sora,TAN-0007,5,5,8,2,1,3,10,5,9,5,7,9,8,2,0,7,10,9,,1,1
Tandang Sora,TAN-0008,6,6,6,1,5,9,0,9,5,5,10,3,7,3,9,10,4,4,,2,2
Tandang Sora,TAN-0009,5,0,5,1,8,8,4,10,1,10,1,6,2,7,2,1,5,0,,1,1
Tandang Sora,TAN-0010,4,3,7,5,9,7,0,0,6,1,6,0,10,5,2,3,3,0,,1,2
Tandang Sora,TAN-0011,2,3,2,4,9,4,1,10,4,0,7,1,9,6,1,9,6,4,,2,1
Tandang Sora,TAN-0012,5,6,10,1,8,6,0,6,5,4,4,9,6,9,2,10,1,10,,2,2
Tandang Sora,TAN-0013,3,1,0,0,3,8,6,9,7,8,5,3,3,4,2,3,1,4,,1,2
Tandang Sora,TAN-0014,7,8,8,3,5,8,4,1,6,10,9,4,9,2,6,4,4,7,,1,2
Tandang Sora,TAN-0015,2,9,4,2,7,2,10,6,3,6,0,0,3,6,6,1,0,4,,1,1
Tandang Sora,TAN-0016,0,1,8,3,8,6,2,0,6,8,1,5,10,3,3,4,7,2,,1,2
Tandang Sora,TAN-0017,3,7,4,0,4,8,2,2,6,6,4,0,3,8,0,0,9,7,,2,2
Tandang Sora,TAN-0018,8,2,3,5,4,4,4,2,10,6,9,6,6,8,0,3,2,1,,1,1
Tandang Sora,TAN-0019,1,2,2,10,10,7,4,2,0,8,0,10,7,3,3,6,2,2,,1,2
Tandang Sora,TAN-0020,2,8,2,9,5,3,10,7,2,4,1,1,9,7,8,1,2,2,,1,2
Tandang Sora,TAN-0021,6,7,2,6,8,0,4,0,0,0,2,7,3,0,8,10,8,4,Water Shortage,2,2
Tandang Sora,TAN-0022,0,3,10,4,1,0,9,8,4,9,8,9,6,6,3,8,8,9,,1,2
Tandang Sora,TAN-0023,9,10,4,8,7,6,9,6,8,2,0,3,4,0,2,8,6,9,,2,2
Tandang Sora,TAN-0024,0,8,0,4,7,1,5,10,2,6,5,9,4,0,1,4,9,1,,1,1
Tandang Sora,TAN-0025,4,7,10,6,5,8,4,6,2,10,1,8,7,3,9,4,5,7,,2,2
Tandang Sora,TAN-0026,3,7,6,9,9,8,4,8,3,5,10,0,7,7,9,7,4,9,,2,2
Tandang Sora,TAN-0027,9,5,4,10,6,10,4,3,9,0,8,4,5,7,6,9,6,5,,2,2
Tandang Sora,TAN-0028,7,8,5,9,2,9,8,0,10,2,2,0,7,0,10,8,1,9,,2,2
Tandang Sora,TAN-0029,9,10,8,5,1,8,6,9,7,3,9,8,10,6,0,9,2,8,Armed Conflict,1,2
Tandang Sora,TAN-0030,9,6,4,6,1,9,5,8,10,10,9,9,4,7,6,8,7,2,,2,1
Tandang Sora,TAN-0031,8,6,6,10,7,5,7,6,4,2,4,4,4,2,1,8,5,10,,2,2
Tandang Sora,TAN-0032,6,6,8,8,3,7,9,7,5,3,3,0,10,8,7,7,5,2,Forest Fire,1,1
Tandang Sora,TAN-0033,6,1,6,8,1,0,9,5,1,6,5,0,8,4,10,5,1,0,,1,2
Tandang Sora,TAN-0034,2,9,8,7,6,8,7,5,0,3,5,10,2,4,10,5,4,7,,1,2
Tibanban,TIB-0001,4,2,4,9,5,10,7,4,5,4,5,9,4,5,6,4,10,4,,1,2
Tibanban,TIB-0002,10,9,5,8,0,8,1,7,5,3,4,10,10,9,8,4,9,6,,2,2
Tibanban,TIB-0003,9,9,7,6,0,1,1,1,6,1,0,4,8,3,10,8,0,2,,2,2
Tibanban,TIB-0004,10,8,2,1,1,8,2,4,10,9,5,0,9,1,7,9,2,4,,2,1
Tibanban,TIB-0005,7,0,3,2,0,4,3,5,1,9,8,6,3,8,7,6,8,6,,2,2
Tibanban,TIB-0006,5,10,7,8,0,5,3,9,1,3,5,1,7,6,0,0,7,5,,2,2
Tibanban,TIB-0007,4,4,10,1,4,8,7,8,4,7,1,6,1,8,6,5,6,8,,1,1
Tibanban,TIB-0008,6,3,6,1,3,8,5,4,8,4,2,9,0,6,5,8,7,0,,1,1
Tibanban,TIB-0009,6,4,8,4,7,6,1,9,4,7,2,2,8,0,6,5,8,2,,1,1
Tibanban,TIB-0010,2,5,0,7,6,8,5,2,6,1,1,5,6,7,6,7,10,5,,1,1
Tibanban,TIB-0011,3,3,3,6,5,0,6,5,5,5,5,6,5,8,3,2,7,2,,2,1
Tibanban,TIB-0012,9,1,9,0,7,9,4,8,3,1,1,5,10,3,6,7,0,9,,2,1
Tibanban,TIB-0013,5,3,3,6,7,3,4,1,7,1,10,9,10,5,9,3,7,5,,1,2
Tibanban,TIB-0014,10,5,7,9,0,4,6,7,8,1,4,4,5,7,3,8,3,10,Flooding,2,1
Tibanban,TIB-0015,9,7,10,8,8,5,1,6,0,0,10,10,3,8,9,9,7,6,,2,2
Tibanban,TIB-0016,6,9,9,0,9,3,2,2,8,8,10,2,1,4,5,4,5,4,,2,2
Tibanban,TIB-0017,9,7,4,9,8,3,5,6,3,7,2,1,8,5,7,10,0,5,,1,1
Tibanban,TIB-0018,0,1,0,9,8,7,9,4,2,8,3,9,1,5,7,7,5,6,,2,1
Tibanban,TIB-0019,1,0,4,1,2,10,6,7,3,9,1,1,6,1,1,5,1,8,,2,2
Tibanban,TIB-0020,0,10,8,7,4,2,7,2,3,2,10,5,3,0,10,6,2,1,,2,2
Tibanban,TIB-0021,3,9,4,7,8,7,5,6,9,8,7,9,10,0,1,4,8,9,,1,2
Tibanban,TIB-0022,4,2,3,0,6,9,1,1,10,1,6,3,7,10,1,9,10,8,,2,2
Tibanban,TIB-0023,7,7,3,9,1,6,6,8,0,8,0,5,10,0,2,1,8,1,,1,2
Tibanban,TIB-0024,0,0,1,5,0,8,1,7,3,5,7,5,5,2,1,7,5,7,,2,1
Tibanban,TIB-0025,4,9,6,3,9,2,9,6,4,4,2,9,3,7,6,3,3,0,,2,2
Tibanban,TIB-0026,7,7,4,4,8,10,9,3,4,10,2,4,5,5,5,9,0,5,,1,2
Tibanban,TIB-0027,2,8,9,7,2,8,8,4,8,2,9,4,3,7,10,3,4,6,,1,2
Tibanban,TIB-0028,5,8,6,1,6,4,9,6,3,4,8,9,2,5,9,8,3,4,,2,1
Tibanban,TIB-0029,9,8,4,3,1,3,5,1,8,8,0,1,8,2,6,9,1,1,,2,1
Tibanban,TIB-0030,1,5,9,3,2,10,10,3,5,6,8,2,7,0,1,5,5,2,,1,2
Tibanban,TIB-0031,5,8,1,1,8,0,1,5,3,6,7,7,0,0,6,4,5,1,,2,1
Tibanban,TIB-0032,1,7,5,7,10,6,2,9,6,2,10,10,7,9,5,0,0,0,Pest Infestation,2,2
Tibanban,TIB-0033,10,9,9,7,4,8,9,1,1,7,6,0,6,8,7,4,6,0,,1,2
Tibanban,TIB-0034,8,5,8,9,10,0,4,1,6,10,7,1,2,8,9,0,5,8,,2,1
Tibanban,TIB-0035,3,3,4,0,3,5,9,3,8,4,2,5,6,7,1,9,8,7,,1,2
Tibanban,TIB-0036,2,10,3,5,4,0,4,3,6,6,10,7,5,3,8,1,3,3,,1,1
Tibanban,TIB-0037,5,9,3,6,9,2,4,0,9,9,0,5,1,2,0,0,9,0,,1,2
Tibanban,TIB-0038,4,9,5,0,6,7,9,0,4,4,9,8,9,0,5,3,3,3,,2,1
Tibanban,TIB-0039,2,1,7,5,6,4,6,10,4,1,6,1,1,8,6,2,8,8,,1,1
Tibanban,TIB-0040,0,4,1,5,0,2,2,4,10,2,9,8,7,2,2,6,4,10,,2,1
Tibanban,TIB-0041,6,3,4,7,6,1,2,0,10,8,9,1,1,0,8,0,9,0,,2,2
Tibanban,TIB-0042,6,3,7,3,4,6,10,10,6,1,6,5,8,4,9,1,5,7,,1,1
Tibanban,TIB-0043,5,8,4,10,3,1,7,0,9,3,9,2,10,0,7,5,7,1,,1,1
Tibanban,TIB-0044,4,3,7,4,1,5,9,10,8,5,9,0,0,5,5,4,4,5,,2,1
Tibanban,TIB-0045,7,1,8,5,9,10,4,10,10,5,10,2,7,5,3,2,10,8,,2,1
Tibanban,TIB-0046,10,5,10,2,5,7,0,3,5,3,0,9,0,5,7,4,7,2,,1,1
Tibanban,TIB-0047,5,9,5,2,0,6,8,5,6,9,10,8,5,7,0,7,7,1,,2,2
Tibanban,TIB-0048,10,1,4,10,7,2,3,5,5,0,6,10,5,5,1,6,5,6,,1,1
Tibanban,TIB-0049,3,10,1,8,3,4,1,5,0,0,10,10,2,5,10,0,2,8,Earthquake,2,2
Tibanban,TIB-0050,5,6,5,3,7,0,8,0,8,6,1,2,4,10,2,3,7,4,,1,1
Tibanban,TIB-0051,1,6,5,9,3,8,10,1,2,6,10,5,10,8,7,9,5,3,,2,1
Tibanban,TIB-0052,9,9,6,1,5,4,3,8,5,7,6,4,9,9,8,7,8,6,,2,1
Tibanban,TIB-0053,3,9,8,3,7,7,7,10,8,10,4,9,9,0,7,8,6,4,,2,1
Tibanban,TIB-0054,10,4,5,4,1,1,8,7,5,4,1,7,9,9,0,0,1,5,,1,2
Tibanban,TIB-0055,2,9,2,0,7,10,8,6,3,9,10,10,4,0,9,10,1,7,,1,1
Tibanban,TIB-0056,1,5,6,3,8,4,5,1,1,10,6,2,6,9,4,3,10,9,,1,1
Tibanban,TIB-0057,5,2,9,1,0,10,0,5,2,2,6,2,9,10,5,3,0,0,,2,1
Tibanban,TIB-0058,5,3,7,7,6,4,1,7,0,1,7,0,4,0,10,8,1,3,,1,2
Tibanban,TIB-0059,5,5,2,3,10,10,4,1,1,3,1,7,5,0,8,3,7,6,Earthquake,2,1
Tibanban,TIB-0060,10,2,7,4,6,4,0,0,9,6,8,0,8,10,2,3,7,1,Armed Conflict,1,1
Tibanban,TIB-0061,3,8,2,7,1,8,1,9,1,4,5,3,8,0,8,7,2,0,,1,2
Tibanban,TIB-0062,7,8,4,2,1,4,8,5,9,6,9,4,4,8,8,10,2,0,Drought,2,2
Tibanban,TIB-0063,1,0,7,8,3,6,10,4,7,7,2,4,5,7,3,3,5,2,Storm Surge,1,2
Tibanban,TIB-0064,5,4,8,4,3,4,3,2,10,10,10,6,9,9,1,9,7,3,,1,2
Tibanban,TIB-0065,10,10,8,1,8,10,1,1,7,9,9,5,7,0,0,5,1,5,,2,1
Tibanban,TIB-0066,8,8,8,8,1,10,8,1,1,3,6,9,5,9,2,9,8,8,,1,1
Tibanban,TIB-0067,7,8,10,9,3,8,1,8,0,9,2,9,3,0,3,8,9,0,,1,1
Tibanban,TIB-0068,2,0,3,7,3,3,0,5,3,8,6,10,8,1,4,9,10,0,,2,2
Tibanban,TIB-0069,9,7,3,6,5,0,7,5,9,10,4,5,3,7,8,8,3,5,,1,2
Tibanban,TIB-0070,1,3,9,7,4,8,5,4,5,5,2,3,10,2,2,6,5,0,,1,2
Tibanban,TIB-0071,6,1,6,5,6,5,9,1,2,2,0,4,6,4,6,5,3,2,,2,1
Tibanban,TIB-0072,0,4,2,1,4,9,6,6,6,0,8,8,9,2,4,6,8,9,,2,1
Tibanban,TIB-0073,4,10,2,10,6,2,9,9,9,10,0,9,0,7,10,2,7,5,,1,2
Tibanban,TIB-0074,8,10,7,10,1,8,7,9,1,1,3,3,10,0,6,7,4,4,,1,1
Tibanban,TIB-0075,6,5,9,8,10,6,5,1,2,5,4,7,1,7,0,4,3,7,,2,2
Tibanban,TIB-0076,6,4,3,1,9,7,9,4,5,9,6,8,10,1,4,8,0,3,,1,2
Tibanban,TIB-0077,8,0,3,8,4,9,7,2,8,2,6,9,6,7,6,0,8,6,,1,2
Tibanban,TIB-0078,3,7,3,2,0,9,5,9,2,8,3,6,1,4,10,5,0,9,,2,1
Tibanban,TIB-0079,5,4,10,2,0,4,5,3,8,8,7,6,7,4,9,9,8,0,,2,1
Tibanban,TIB-0080,10,4,2,5,0,2,2,6,9,6,0,1,7,1,1,5,4,7,Water Shortage,1,2
Tibanban,TIB-0081,5,0,10,9,7,6,5,1,3,6,7,1,1,1,3,6,4,0,,1,1
Tibanban,TIB-0082,5,8,7,2,5,3,3,7,10,2,10,10,8,0,1,5,4,1,,1,2
Tibanban,TIB-0083,10,4,1,1,7,1,0,3,2,3,10,10,4,5,5,9,3,8,,2,1
Tibanban,TIB-0084,0,5,9,3,9,1,3,9,2,1,9,10,7,10,1,0,0,6,,2,2
Tibanban,TIB-0085,5,2,10,8,7,3,10,8,0,3,4,1,3,0,10,8,4,7,,2,1
Tibanban,TIB-0086,1,7,5,10,3,9,1,9,5,3,6,7,0,2,9,8,4,6,,2,1
Tibanban,TIB-0087,4,4,5,3,3,10,6,10,9,10,5,4,9,3,2,6,10,2,,2,1
Tibanban,TIB-0088,7,1,2,3,8,6,9,4,0,9,6,6,8,4,9,3,10,9,,2,2
Tibanban,TIB-0089,10,0,10,10,3,7,1,1,1,4,0,8,10,4,3,0,9,10,,2,1
Tibanban,TIB-0090,6,2,10,2,4,3,2,1,7,7,9,3,6,2,2,1,1,4,,1,1
Tibanban,TIB-0091,3,8,1,3,4,0,1,1,0,0,0,2,0,3,0,4,5,6,,1,1
Tibanban,TIB-0092,6,6,4,5,4,3,3,6,4,7,2,8,8,5,10,3,0,5,,1,1
Tibanban,TIB-0093,9,10,4,0,8,7,1,8,8,6,4,2,5,6,6,2,3,6,,1,2
Tibanban,TIB-0094,9,10,3,2,2,3,8,10,3,2,7,1,4,10,6,7,6,0,,1,2
Tibanban,TIB-0095,0,10,10,1,4,6,8,5,2,10,9,2,10,0,10,6,5,3,,1,1
Tibanban,TIB-0096,3,9,1,8,8,5,3,6,1,2,0,4,9,0,5,2,9,2,,2,1
Tibanban,TIB-0097,8,6,10,10,10,8,6,2,10,6,0,0,3,6,9,1,3,8,,1,2
Tibanban,TIB-0098,1,9,3,7,7,9,7,5,7,6,9,9,6,1,10,0,10,7,,1,1
Tibanban,TIB-0099,7,2,1,1,3,8,2,9,7,9,9,7,3,3,7,8,9,1,,1,2
Tibanban,TIB-0100,4,8,2,10,8,0,3,8,0,10,8,10,3,0,9,6,6,5,,2,2
Tibanban,TIB-0101,8,4,1,4,1,5,8,4,3,4,6,5,0,5,0,8,5,9,,1,1
Tibanban,TIB-0102,0,9,0,10,1,5,0,2,9,3,4,0,2,8,5,7,1,2,Forest Fire,1,2
Tibanban,TIB-0103,0,7,10,3,4,5,0,0,9,8,2,9,3,3,9,5,7,6,,1,2
Tibanban,TIB-0104,6,0,5,1,8,3,1,3,5,10,8,0,4,8,2,3,3,0,,1,1
Tibanban,TIB-0105,4,7,2,4,3,5,7,3,7,9,1,8,4,1,7,7,3,1,,1,2
Tibanban,TIB-0106,0,0,8,0,5,6,8,9,6,0,9,1,3,5,6,9,2,8,,2,1
Tibanban,TIB-0107,8,9,2,3,3,1,6,9,7,4,4,9,6,10,3,6,10,4,,2,1
Tibanban,TIB-0108,3,7,5,0,8,8,5,2,3,5,5,10,0,1,4,7,8,6,,1,1
Tibanban,TIB-0109,1,5,3,4,4,10,8,1,6,4,2,5,2,9,4,4,5,5,,1,2
Tibanban,TIB-0110,2,6,6,5,10,9,6,4,5,3,9,3,1,1,2,0,4,5,,2,1
Tibanban,TIB-0111,2,10,8,1,0,2,3,2,2,10,1,4,5,2,0,0,0,9,Landslide,1,2
Tibanban,TIB-0112,9,4,3,6,6,1,2,2,1,10,0,7,4,8,2,0,9,0,,1,2
Tibanban,TIB-0113,6,8,0,10,9,3,8,9,5,7,9,9,2,8,5,1,1,5,,2,1
Tibanban,TIB-0114,10,5,7,1,8,10,10,4,4,9,9,8,9,1,3,10,10,10,Pest Infestation,2,1
Tibanban,TIB-0115,4,4,2,2,3,8,7,6,5,2,3,8,1,8,10,10,6,3,,1,1
Tibanban,TIB-0116,3,6,2,10,2,7,4,4,1,1,10,7,10,8,1,4,0,10,,1,1
Tibanban,TIB-0117,3,6,2,1,6,7,9,1,9,10,9,1,5,4,5,5,0,8,,1,2
Tibanban,TIB-0118,5,1,8,2,1,9,0,5,6,7,5,0,2,1,3,2,4,0,,2,1
Tibanban,TIB-0119,10,10,4,9,1,6,3,10,6,8,0,2,9,0,9,4,0,6,,2,2
Tibanban,TIB-0120,5,1,9,7,4,6,4,9,7,4,8,2,10,4,5,6,3,3,,1,1
Tibanban,TIB-0121,5,7,2,8,1,4,10,2,2,3,4,7,4,10,2,2,8,8,Mining Accident,1,1
Tibanban,TIB-0122,3,2,2,8,4,0,3,9,0,7,7,6,9,7,4,6,10,1,,1,1
Tibanban,TIB-0123,5,3,5,9,6,3,6,3,8,5,6,4,10,3,1,9,0,10,,1,2
Tibanban,TIB-0124,1,4,8,9,7,9,6,4,9,4,5,10,10,9,7,9,4,0,,1,1
Tibanban,TIB-0125,1,9,10,9,7,0,9,9,9,2,1,0,5,7,8,6,8,10,,2,1
Tibanban,TIB-0126,2,5,5,2,1,8,3,7,10,7,5,9,7,3,6,7,1,7,,1,1
Tibanban,TIB-0127,1,7,7,3,10,8,7,6,3,10,0,3,1,10,2,7,3,7,,2,1
Tibanban,TIB-0128,3,2,8,2,9,1,7,8,10,1,6,9,3,9,9,8,10,0,,1,1
Tibanban,TIB-0129,5,3,4,3,1,9,3,6,0,4,9,5,9,1,3,5,3,10,,2,2
Tibanban,TIB-0130,4,2,6,0,6,5,4,1,3,8,3,2,9,6,5,7,6,10,,2,2
Tibanban,TIB-0131,3,5,10,5,0,10,1,9,1,6,3,3,0,6,7,2,9,1,,1,1
Tibanban,TIB-0132,0,4,10,1,3,0,1,0,5,8,8,4,7,1,2,4,3,8,,1,2
Tibanban,TIB-0133,6,8,0,4,2,7,1,1,2,4,5,7,5,7,0,4,8,1,,2,1
Tibanban,TIB-0134,7,1,8,2,8,3,5,10,1,1,2,0,4,2,7,7,3,4,,1,1
Tibanban,TIB-0135,6,5,1,3,5,2,5,3,0,1,5,9,3,8,1,10,2,4,,1,1
Tibanban,TIB-0136,8,10,1,4,10,6,3,3,1,8,5,7,1,3,10,8,7,3,,1,2
Tibanban,TIB-0137,10,1,2,2,2,1,4,8,0,2,0,3,6,4,4,7,0,3,,2,2
Tibanban,TIB-0138,0,0,9,9,8,5,8,9,7,7,0,0,0,9,2,10,9,5,Animal Disease,2,1
Tibanban,TIB-0139,0,8,0,9,4,1,7,2,9,1,7,7,2,10,2,6,7,7,,1,2
Tibanban,TIB-0140,5,7,10,5,1,5,7,3,8,9,4,5,8,2,5,4,0,5,,2,2
Tibanban,TIB-0141,8,5,9,2,2,0,8,2,4,2,0,8,10,1,2,3,8,7,,1,2
Tibanban,TIB-0142,7,2,4,2,1,8,6,10,1,2,4,8,2,4,6,5,7,8,,1,2
Tibanban,TIB-0143,4,0,1,6,0,1,3,4,1,4,5,3,6,9,10,0,8,3,Typhoon,2,2
Tibanban,TIB-0144,2,9,9,10,3,7,3,6,0,10,0,10,10,6,9,7,4,1,,1,2
Tibanban,TIB-0145,4,7,10,8,5,5,5,3,1,10,6,10,2,6,7,3,9,10,,1,1
Tibanban,TIB-0146,5,4,10,8,4,5,5,6,9,7,5,4,4,3,2,10,9,10,,2,2
Tibanban,TIB-0147,6,3,2,7,8,7,7,2,3,0,10,6,7,1,9,9,0,4,,1,1
Tibanban,TIB-0148,10,7,8,1,5,8,8,9,0,8,4,5,6,9,7,7,8,10,,2,2
Tibanban,TIB-0149,8,10,6,0,0,4,2,2,7,8,3,3,2,9,2,4,0,1,,1,1
Tibanban,TIB-0150,5,10,0,5,6,4,7,6,8,8,7,3,4,5,7,9,1,10,,1,2
Tibanban,TIB-0151,8,4,2,4,2,5,7,6,2,2,5,6,0,10,4,4,5,8,,1,1
Tibanban,TIB-0152,3,1,7,2,6,9,3,3,0,9,10,4,5,7,3,3,9,7,,2,1
Tibanban,TIB-0153,0,4,9,9,0,0,0,10,9,5,2,7,2,7,3,9,10,4,,1,2
Tibanban,TIB-0154,9,9,5,8,8,3,10,1,2,0,10,2,10,7,1,1,1,5,,1,1
Tibanban,TIB-0155,9,7,3,2,1,0,3,6,2,2,8,7,5,4,6,9,5,5,Volcanic Activity,1,2
Tibanban,TIB-0156,5,10,3,6,8,8,8,3,4,8,6,5,9,0,6,7,8,1,,2,1
Tibanban,TIB-0157,0,2,2,5,4,10,10,3,7,3,2,5,4,6,5,4,3,4,,2,2
Tibanban,TIB-0158,8,7,0,10,10,1,7,0,4,10,5,6,2,2,8,2,2,0,,1,1
Tibanban,TIB-0159,6,2,5,9,1,2,3,9,0,6,10,10,2,6,6,2,1,8,Landslide,2,2
Tibanban,TIB-0160,9,0,5,3,6,9,6,3,5,9,9,3,4,0,1,4,1,3,,2,2
Tibanban,TIB-0161,1,2,8,8,10,7,1,9,9,2,4,10,6,3,1,0,2,2,Extreme Heat,1,2
Tibanban,TIB-0162,3,8,0,0,6,6,2,1,1,6,4,8,0,6,8,1,0,3,,1,2
Tibanban,TIB-0163,9,9,10,8,9,9,6,9,8,4,1,8,4,0,3,1,10,4,,2,2
Tibanban,TIB-0164,1,9,6,2,9,7,7,6,4,4,1,10,4,8,0,6,8,3,,1,2
Tibanban,TIB-0165,6,0,3,2,10,10,0,6,2,1,1,5,2,2,8,6,8,9,Oil Spill,2,1
Tibanban,TIB-0166,1,1,7,2,8,10,1,8,0,5,10,7,10,4,2,2,6,6,,1,2
Tibanban,TIB-0167,6,10,4,3,1,5,3,9,8,2,9,0,3,0,8,9,6,10,,2,2
Tibanban,TIB-0168,1,2,5,6,0,5,4,7,3,0,7,8,10,5,4,8,5,2,,2,2
Tibanban,TIB-0169,10,1,8,4,1,9,7,1,9,5,9,1,2,7,6,7,6,8,,1,1
Tibanban,TIB-0170,3,10,3,10,1,4,10,1,3,0,4,1,7,5,4,5,10,4,,2,2
Tibanban,TIB-0171,2,0,4,10,9,6,2,7,6,2,8,7,5,4,5,0,8,8,,1,2
Tibanban,TIB-0172,0,0,3,8,10,0,5,4,6,9,10,1,7,3,4,5,1,6,,1,2
Tibanban,TIB-0173,9,1,2,8,5,7,8,8,7,10,2,3,10,5,4,4,5,10,,2,1
Tibanban,TIB-0174,0,8,3,0,10,3,3,3,0,10,1,0,10,1,2,3,8,2,,2,2
Tibanban,TIB-0175,3,6,8,1,4,4,1,6,6,5,2,10,7,10,0,1,0,5,,2,1
Tibanban,TIB-0176,10,2,9,6,0,10,7,6,10,10,3,5,10,4,7,3,4,0,,1,2
Tibanban,TIB-0177,4,9,1,6,8,7,5,3,4,1,3,7,9,8,3,4,0,1,,1,2
Tibanban,TIB-0178,0,7,5,1,6,0,4,6,0,10,9,3,7,8,4,9,7,5,,1,1
Tibanban,TIB-0179,0,8,2,4,8,1,9,1,3,4,8,2,2,4,5,6,7,4,Landslide,1,2
Tibanban,TIB-0180,6,3,3,7,1,3,9,0,5,9,1,1,0,4,10,10,7,3,,2,1
Tibanban,TIB-0181,0,8,6,10,0,6,1,5,10,4,4,9,8,3,1,3,4,3,,1,2
Tibanban,TIB-0182,1,7,10,2,5,5,1,7,4,1,8,9,3,10,4,10,9,8,,2,1
Tibanban,TIB-0183,3,10,0,7,7,7,2,4,1,10,1,6,8,2,7,0,6,2,,1,2
Tibanban,TIB-0184,3,6,3,10,6,5,3,3,9,2,7,1,0,4,10,6,3,8,,1,1
Tibanban,TIB-0185,5,10,4,6,6,2,1,2,5,4,3,9,8,6,3,10,6,5,,1,2
Tibanban,TIB-0186,8,3,8,5,6,6,7,0,4,10,5,9,6,10,8,8,7,10,,2,2
Tibanban,TIB-0187,10,5,5,1,9,8,6,3,5,3,4,5,4,8,6,10,1,9,,1,2
Tibanban,TIB-0188,6,9,9,6,7,2,7,6,6,2,5,7,10,0,1,5,3,6,,1,1
Tibanban,TIB-0189,0,3,7,5,3,0,3,3,2,6,1,5,2,6,2,0,1,1,Drought,1,2
Tibanban,TIB-0190,6,0,1,7,2,0,0,3,9,1,10,2,6,1,9,10,4,0,,2,1
Tibanban,TIB-0191,9,3,6,0,4,2,3,7,3,3,3,2,9,9,9,3,1,6,,2,1
Tibanban,TIB-0192,1,4,8,4,2,6,2,0,1,2,4,6,4,3,6,6,3,0,,1,2
Tibanban,TIB-0193,8,8,1,7,6,10,4,1,6,3,5,3,5,0,9,5,9,6,,1,1
Tibanban,TIB-0194,6,10,5,3,2,1,4,8,8,0,8,3,2,2,7,10,3,0,,1,1
Tibanban,TIB-0195,6,10,7,1,0,10,1,10,9,7,4,3,8,7,5,4,5,10,,2,1
Tibanban,TIB-0196,6,5,5,10,4,5,2,2,4,4,0,3,9,5,3,4,9,8,,2,1
Tibanban,TIB-0197,1,3,2,1,0,4,1,9,8,8,7,7,10,3,4,6,7,7,,2,1
Tibanban,TIB-0198,9,10,4,4,3,7,2,10,3,8,8,3,8,5,3,5,7,6,,1,1
Tibanban,TIB-0199,1,3,2,5,10,9,7,0,0,8,9,0,7,3,0,7,3,1,,1,2
Tibanban,TIB-0200,3,4,3,9,5,9,6,6,0,7,9,10,3,9,8,0,0,4,,2,1
Tibanban,TIB-0201,2,4,4,4,2,7,5,6,4,2,10,6,5,7,10,6,1,6,,1,1
Tibanban,TIB-0202,8,5,9,6,6,6,0,8,2,7,8,3,4,5,1,3,9,10,,2,2
Tibanban,TIB-0203,0,10,2,8,8,3,7,10,7,0,1,10,2,10,6,0,10,2,,2,1
Tibanban,TIB-0204,1,10,8,9,0,2,3,1,6,7,4,8,7,3,5,8,0,5,Pandemic,2,1
Tibanban,TIB-0205,10,10,2,2,0,0,1,7,6,8,9,1,6,9,1,6,7,5,,1,1
Tibanban,TIB-0206,9,9,9,1,9,6,0,8,2,1,8,10,5,0,8,9,3,6,Drought,2,2
Tibanban,TIB-0207,2,9,0,2,9,1,6,5,8,8,5,2,3,0,3,2,7,3,Landslide,1,2
Tibanban,TIB-0208,3,8,0,8,1,2,0,8,8,8,2,1,4,0,2,10,1,8,,1,2
Tibanban,TIB-0209,1,0,3,2,4,10,4,0,3,10,2,9,1,4,5,6,1,1,,1,2
Tibanban,TIB-0210,2,2,4,2,5,0,5,4,2,3,5,8,1,10,4,3,7,0,,2,1
Tibanban,TIB-0211,2,5,8,7,6,2,0,8,3,8,7,2,3,4,9,5,8,6,,2,2
Tibanban,TIB-0212,6,5,4,1,7,7,2,0,10,8,2,5,4,2,5,10,9,1,Extreme Heat,1,2
Tibanban,TIB-0213,4,4,5,1,0,1,6,1,9,10,6,8,3,5,3,1,5,10,Earthquake,1,2
Tibanban,TIB-0214,8,4,10,4,10,0,10,10,4,1,8,1,4,1,10,2,5,1,Animal Disease,2,2
Tibanban,TIB-0215,3,0,7,1,7,4,0,2,5,0,4,0,1,1,8,3,8,4,,1,2
Tibanban,TIB-0216,0,8,2,0,2,10,10,7,1,4,10,9,8,6,7,6,6,3,,1,1
Tibanban,TIB-0217,2,10,2,6,5,6,0,10,4,10,1,2,5,6,1,1,0,2,Extreme Heat,1,2
Tiblawan,TIB-0001,0,10,4,10,4,5,6,9,7,6,2,8,4,6,4,10,3,7,,1,2
Tiblawan,TIB-0002,1,0,5,9,3,10,5,7,9,2,4,4,10,8,9,10,1,6,,1,1
Tiblawan,TIB-0003,2,3,8,1,8,0,7,3,5,1,6,1,3,7,5,1,2,8,,2,1
Tiblawan,TIB-0004,5,1,3,3,3,1,10,3,10,7,5,0,4,8,4,0,2,7,,1,1
Tiblawan,TIB-0005,6,6,9,9,4,2,6,2,0,1,8,9,0,7,4,2,2,10,Tsunami,1,2
Tiblawan,TIB-0006,1,3,9,1,7,8,4,7,0,9,6,5,4,7,4,0,5,10,,1,2
Tiblawan,TIB-0007,9,4,6,10,8,9,9,0,6,8,3,2,3,6,3,4,1,10,Earthquake,2,1
Tiblawan,TIB-0008,4,5,5,0,3,0,3,3,9,9,8,7,10,1,5,2,1,4,,1,2
Tiblawan,TIB-0009,3,2,1,3,0,1,1,1,2,10,5,8,1,6,10,6,7,4,,1,1
Tiblawan,TIB-0010,3,3,6,9,9,8,7,6,9,5,2,8,5,2,0,1,6,4,,2,1
Tiblawan,TIB-0011,2,3,4,10,5,6,2,9,1,3,2,4,6,0,10,4,6,0,,2,1
Tiblawan,TIB-0012,1,3,5,7,0,0,1,1,10,7,10,7,7,0,3,3,1,1,,1,1
Tiblawan,TIB-0013,9,1,2,6,2,7,4,4,1,2,8,4,4,7,7,2,8,10,,2,2
Tiblawan,TIB-0014,1,3,5,10,6,6,6,6,2,1,10,3,4,1,5,3,2,8,,2,2
Tiblawan,TIB-0015,3,2,6,5,2,1,8,8,7,4,4,3,5,9,10,3,7,5,,1,1
Tiblawan,TIB-0016,4,10,5,5,7,3,2,3,3,2,4,10,1,2,3,10,9,1,,2,2
Tiblawan,TIB-0017,3,6,10,1,3,3,3,4,3,6,7,10,7,7,2,9,4,4,Extreme Heat,1,1
Tiblawan,TIB-0018,9,1,9,1,10,10,4,8,7,10,4,6,3,8,4,6,2,0,,2,2
Tiblawan,TIB-0019,5,8,0,2,9,9,2,2,2,4,10,6,5,3,7,3,4,5,,1,2
Tiblawan,TIB-0020,2,7,0,7,8,1,3,4,1,6,10,2,9,0,1,5,1,9,,1,1
Tiblawan,TIB-0021,2,6,3,9,5,8,7,7,8,1,7,10,8,0,3,7,5,8,,1,2
Tiblawan,TIB-0022,5,5,9,6,2,10,1,8,8,6,5,10,4,0,4,8,3,3,,2,2
Tiblawan,TIB-0023,10,4,2,6,5,6,7,1,1,8,5,10,5,9,2,5,2,1,,1,2
Tiblawan,TIB-0024,6,5,1,9,0,0,9,2,9,8,9,8,7,2,1,9,1,0,,2,1
Tiblawan,TIB-0025,4,1,10,10,10,7,8,0,6,9,6,1,5,10,8,3,7,1,,2,1
Tiblawan,TIB-0026,0,2,1,7,9,3,9,1,0,1,1,5,1,4,5,5,7,1,,2,2
Tiblawan,TIB-0027,2,0,6,5,9,3,5,1,5,1,0,8,1,6,4,4,1,7,,1,2
Tiblawan,TIB-0028,3,1,8,5,9,6,3,6,6,5,4,7,9,7,2,7,10,2,,2,1
Tiblawan,TIB-0029,3,10,8,0,1,3,6,1,0,1,2,6,0,8,0,10,5,9,,2,1
Tiblawan,TIB-0030,3,3,8,4,6,9,5,2,3,2,1,3,1,8,8,2,10,5,,1,1
Tiblawan,TIB-0031,9,3,6,0,9,9,2,5,10,9,5,6,4,6,10,0,7,1,,2,2
Tiblawan,TIB-0032,3,4,0,5,1,7,8,5,9,3,8,7,4,0,5,10,9,3,,2,2
Tiblawan,TIB-0033,4,5,9,10,6,3,5,1,5,8,9,6,3,2,0,1,6,8,,2,2
Tiblawan,TIB-0034,0,8,10,7,3,6,6,6,0,5,6,10,9,4,6,8,10,2,,1,2
Tiblawan,TIB-0035,9,1,3,3,2,0,0,2,6,10,6,5,7,0,7,10,2,4,,2,2
Tiblawan,TIB-0036,10,3,6,8,5,9,3,9,2,5,9,6,2,10,9,4,10,8,,1,2
Tiblawan,TIB-0037,3,3,9,4,0,4,9,4,8,9,10,8,5,0,3,9,0,6,,1,2
Tiblawan,TIB-0038,9,10,9,6,7,9,6,3,7,3,4,7,5,4,1,4,10,8,,2,1
Tiblawan,TIB-0039,5,7,1,4,7,3,4,5,1,2,3,1,2,3,1,10,2,10,,1,1
Tiblawan,TIB-0040,7,6,10,8,1,9,3,5,0,9,8,2,4,3,6,4,5,8,Animal Disease,1,2
Tiblawan,TIB-0041,6,1,3,0,0,1,4,2,8,1,5,5,0,7,1,4,2,6,,1,1
Tiblawan,TIB-0042,4,9,10,10,10,8,8,10,6,0,10,1,1,8,0,4,5,7,,2,1
Tiblawan,TIB-0043,4,1,7,1,7,1,10,2,2,4,3,2,7,6,2,3,3,10,,1,1
Tiblawan,TIB-0044,5,10,0,7,2,2,9,1,2,2,7,5,9,4,5,1,9,4,,2,2
Tiblawan,TIB-0045,1,5,6,4,10,0,7,5,3,4,2,7,8,7,2,6,5,7,,2,2
Tiblawan,TIB-0046,2,5,6,7,10,5,9,0,10,4,6,1,2,10,7,1,4,4,,1,1
Tiblawan,TIB-0047,7,2,1,10,3,3,10,1,7,5,2,1,0,3,8,2,4,4,,1,2
Tiblawan,TIB-0048,6,9,6,6,2,1,7,7,7,2,4,6,0,5,10,1,8,2,,2,2
Tiblawan,TIB-0049,0,4,10,1,8,7,4,6,3,10,0,6,8,3,10,8,4,7,Water Shortage,2,2
Tiblawan,TIB-0050,10,6,4,2,5,0,0,2,8,8,5,0,10,6,2,8,2,6,,2,1
Tiblawan,TIB-0051,2,10,4,7,4,3,7,7,7,5,7,0,4,3,0,3,10,5,,1,1
Tiblawan,TIB-0052,4,7,8,0,10,0,1,8,1,2,7,2,9,4,5,4,4,3,,1,1
Tiblawan,TIB-0053,10,3,1,5,7,3,4,2,2,3,6,6,3,10,0,8,0,6,,1,1
Tiblawan,TIB-0054,9,8,4,0,0,2,2,3,5,3,5,2,9,8,2,8,3,8,,2,1
Tiblawan,TIB-0055,2,4,9,0,3,6,3,1,2,1,10,0,10,4,1,3,7,6,,2,1
Tiblawan,TIB-0056,4,8,0,6,6,6,10,3,9,7,8,6,5,2,10,9,5,2,,2,1
Tiblawan,TIB-0057,1,7,4,0,7,7,10,3,10,2,6,4,10,4,9,0,3,3,Animal Disease,1,2
Tiblawan,TIB-0058,8,5,2,8,6,8,10,2,0,7,3,3,5,2,6,7,7,10,,2,2
Tiblawan,TIB-0059,8,0,2,4,7,9,5,5,0,9,3,5,6,2,5,9,10,10,,1,2
Tiblawan,TIB-0060,2,1,10,5,3,5,5,0,8,5,3,10,5,2,10,5,0,9,,2,1
Tiblawan,TIB-0061,3,2,9,1,6,2,4,0,9,2,0,0,10,1,1,5,2,3,,2,2
Tiblawan,TIB-0062,2,4,6,7,10,4,6,10,1,1,0,8,5,10,9,10,4,3,,2,1
Tiblawan,TIB-0063,3,5,7,5,0,2,3,6,5,1,10,5,1,1,4,4,8,3,Drought,2,1
Tiblawan,TIB-0064,4,1,4,5,2,5,3,8,6,2,1,10,9,4,1,4,5,4,,2,1
Tiblawan,TIB-0065,8,9,3,10,3,10,2,9,6,4,1,9,6,0,9,3,8,8,,1,1
Tiblawan,TIB-0066,4,0,10,0,1,9,0,4,2,10,9,3,9,9,6,2,9,3,,2,1
Tiblawan,TIB-0067,1,2,9,9,10,4,10,1,3,6,8,3,5,5,10,0,5,7,,1,2
Tiblawan,TIB-0068,6,9,0,10,7,6,4,6,6,10,8,8,5,10,7,9,1,8,,1,2
Tiblawan,TIB-0069,9,2,6,1,1,7,9,4,9,7,2,6,7,3,3,0,6,6,,1,1
Tiblawan,TIB-0070,3,0,6,10,10,3,2,1,6,4,7,10,4,0,3,8,0,9,,2,2
Tiblawan,TIB-0071,3,6,6,9,1,6,5,0,8,5,2,3,3,6,2,6,3,1,,2,2
Tiblawan,TIB-0072,2,1,2,4,6,3,2,5,3,0,6,6,8,9,1,4,9,8,,2,1
Tiblawan,TIB-0073,6,2,1,3,1,10,7,8,7,0,0,0,4,3,0,2,4,1,,1,1
Tiblawan,TIB-0074,3,3,5,2,8,9,10,8,5,5,6,6,1,5,2,7,9,8,,2,1
Tiblawan,TIB-0075,3,5,0,8,1,1,3,10,10,2,8,9,7,6,10,1,3,3,,2,1
Tiblawan,TIB-0076,1,6,3,8,5,1,9,1,7,0,6,6,7,6,5,1,1,3,,2,1
Tiblawan,TIB-0077,6,4,9,1,7,7,2,8,10,8,0,6,0,8,7,2,9,8,Typhoon,1,2
Tiblawan,TIB-0078,2,2,3,5,2,0,1,6,9,2,6,8,10,7,0,3,3,7,,2,2
Tiblawan,TIB-0079,4,0,10,3,10,0,10,9,1,3,4,9,1,7,10,1,8,2,,1,1
Tiblawan,TIB-0080,2,4,7,3,3,8,10,8,9,0,2,3,10,0,6,6,10,9,,2,2
Tiblawan,TIB-0081,3,4,5,8,8,3,2,4,10,6,10,4,5,1,0,9,9,5,,2,2
Tiblawan,TIB-0082,2,4,10,0,3,4,2,7,8,0,3,9,0,1,1,6,8,7,,1,2
Tiblawan,TIB-0083,2,1,4,0,7,9,9,2,2,7,0,4,9,5,7,2,7,5,,2,2
Tiblawan,TIB-0084,4,10,4,4,6,7,3,3,0,9,4,0,9,6,4,6,2,5,,2,2
Tiblawan,TIB-0085,0,6,9,9,10,9,1,1,5,8,1,4,1,6,10,3,4,9,,2,2
Tiblawan,TIB-0086,8,9,9,9,5,8,3,7,6,1,9,4,2,5,8,7,7,7,,1,2
Tiblawan,TIB-0087,0,9,2,1,6,0,8,10,1,9,2,1,5,6,8,3,4,3,,2,1
Tiblawan,TIB-0088,2,10,1,8,5,10,1,0,10,10,2,5,3,7,8,6,0,4,,1,2
Tiblawan,TIB-0089,4,3,1,0,10,8,5,0,10,10,8,7,5,8,6,4,5,0,,2,2
Tiblawan,TIB-0090,8,2,7,3,7,9,4,8,0,6,4,0,9,7,2,8,0,3,,1,1
Tiblawan,TIB-0091,3,2,5,0,5,4,4,2,4,5,9,8,7,5,0,2,3,7,,2,1
Tiblawan,TIB-0092,0,4,6,2,3,1,10,0,5,6,9,0,6,4,8,7,9,10,,1,2
Tiblawan,TIB-0093,8,9,9,4,10,6,7,6,2,6,2,8,5,7,4,6,8,10,,1,1
Tiblawan,TIB-0094,4,5,4,8,2,8,1,0,3,0,10,8,8,8,6,6,1,1,,2,1
Tiblawan,TIB-0095,1,6,0,2,1,0,0,10,1,3,4,0,4,1,1,8,3,0,,2,2
Tiblawan,TIB-0096,8,10,6,1,9,4,8,0,5,6,7,4,6,9,2,6,9,2,,1,2
Tiblawan,TIB-0097,2,3,10,9,3,10,10,9,3,7,0,2,4,9,1,4,3,10,,2,2
Tiblawan,TIB-0098,8,7,4,5,7,4,6,6,4,5,3,8,1,4,10,9,4,8,,2,2
Tiblawan,TIB-0099,5,5,7,3,4,9,1,8,8,8,1,10,2,7,6,7,5,2,,1,1
Upper Tibanban,UPP-0001,6,8,0,10,6,2,7,6,8,7,1,4,5,0,7,2,8,10,,2,1
Upper Tibanban,UPP-0002,3,2,6,1,9,6,0,7,3,0,6,2,2,3,3,5,8,7,,2,1
Upper Tibanban,UPP-0003,7,8,0,10,0,5,1,7,3,3,2,10,3,3,6,9,0,4,,1,2
Upper Tibanban,UPP-0004,0,7,8,6,2,7,5,4,5,1,3,3,3,9,10,2,9,2,Extreme Heat,1,1
Upper Tibanban,UPP-0005,9,9,7,0,8,5,2,3,4,9,0,3,4,6,9,7,0,7,,1,1
Upper Tibanban,UPP-0006,4,2,5,8,9,8,5,8,8,7,7,8,8,7,6,2,8,1,,2,2
Upper Tibanban,UPP-0007,7,5,9,5,7,1,4,8,1,6,5,3,1,6,6,0,2,0,,2,1
Upper Tibanban,UPP-0008,10,7,5,1,3,8,6,0,4,0,6,0,7,8,1,9,5,3,,1,2
Upper Tibanban,UPP-0009,8,10,0,8,8,2,5,2,0,9,10,1,5,6,3,7,9,4,,1,2
Upper Tibanban,UPP-0010,7,1,6,8,8,10,3,2,1,1,10,10,1,8,8,5,4,5,,1,2
Upper Tibanban,UPP-0011,10,9,3,7,4,7,6,10,9,6,2,6,4,6,10,9,5,8,Animal Disease,2,2
Upper Tibanban,UPP-0012,2,10,7,0,8,5,0,5,8,2,0,5,9,7,4,7,10,4,,1,2
Upper Tibanban,UPP-0013,0,9,3,2,3,5,9,0,3,10,9,10,1,1,3,0,1,10,,1,2
Upper Tibanban,UPP-0014,4,1,1,2,1,3,3,2,9,6,7,9,9,9,3,3,9,0,,2,2
Upper Tibanban,UPP-0015,2,5,8,0,9,6,6,3,4,8,10,8,6,9,7,6,0,4,,2,1
Upper Tibanban,UPP-0016,10,5,10,1,9,6,4,10,9,8,2,1,5,9,3,5,10,5,,1,1
Upper Tibanban,UPP-0017,10,6,8,3,0,9,2,2,10,9,3,4,3,2,7,4,6,10,Extreme Heat,2,1
Upper Tibanban,UPP-0018,6,3,6,8,7,7,2,3,9,2,8,4,9,7,4,4,0,8,,1,2
Upper Tibanban,UPP-0019,7,8,9,2,9,2,6,5,7,4,6,9,0,2,9,6,2,7,,2,2
Upper Tibanban,UPP-0020,4,1,9,10,6,7,6,6,3,1,4,2,5,8,5,4,10,5,,1,2
Upper Tibanban,UPP-0021,7,1,4,2,8,0,0,9,10,8,0,2,3,0,0,4,1,8,,1,1
Upper Tibanban,UPP-0022,2,8,8,0,6,4,8,9,9,7,5,9,9,3,10,2,4,8,,2,2
Upper Tibanban,UPP-0023,10,3,5,6,1,0,3,2,9,8,1,2,3,10,2,2,1,2,,2,2
Upper Tibanban,UPP-0024,3,3,6,10,1,2,1,9,8,3,9,4,1,3,7,7,0,8,,2,1
Upper Tibanban,UPP-0025,8,1,4,6,8,7,9,4,0,3,5,8,2,1,1,0,7,5,,1,2
Upper Tibanban,UPP-0026,9,1,3,9,3,4,6,1,0,10,2,6,0,6,0,7,3,6,,1,1
Upper Tibanban,UPP-0027,8,8,3,6,8,7,5,3,6,10,10,7,0,0,3,8,10,4,,2,1
Upper Tibanban,UPP-0028,6,4,2,2,1,8,8,2,0,5,7,0,5,2,7,4,6,2,,1,1
Upper Tibanban,UPP-0029,7,3,1,9,3,10,3,10,4,10,8,6,3,1,5,5,10,7,,1,2
Upper Tibanban,UPP-0030,0,6,7,4,9,6,6,6,3,6,2,0,4,8,8,6,2,0,Flooding,1,2
Upper Tibanban,UPP-0031,7,7,6,3,9,5,9,5,4,3,6,3,0,2,6,3,1,6,Drought,2,1
Upper Tibanban,UPP-0032,3,10,6,3,5,6,2,1,10,1,0,9,3,1,9,8,3,1,,2,2
Crispin Dela Cruz,CRI-0001,2,9,0,1,8,4,10,4,4,0,9,4,5,6,2,3,8,7,,2,1
Crispin Dela Cruz,CRI-0002,9,8,6,6,0,6,0,8,10,8,4,0,2,3,8,9,4,4,,1,1
Crispin Dela Cruz,CRI-0003,0,8,1,2,3,2,10,6,2,0,10,2,10,5,6,0,3,0,,2,2
Crispin Dela Cruz,CRI-0004,9,9,9,2,8,4,6,0,8,1,0,7,3,2,2,1,1,10,,1,2
Crispin Dela Cruz,CRI-0005,1,1,9,9,2,3,0,8,7,5,10,4,0,6,9,1,1,3,,1,1
Crispin Dela Cruz,CRI-0006,4,2,6,5,5,3,7,4,2,9,3,1,1,10,9,0,9,9,,1,2
Crispin Dela Cruz,CRI-0007,0,1,3,5,4,9,2,2,6,3,8,9,4,4,2,9,3,2,,1,1
Crispin Dela Cruz,CRI-0008,6,4,3,8,3,10,4,6,6,5,10,3,5,8,8,3,5,6,,2,1
Crispin Dela Cruz,CRI-0009,4,5,2,6,6,5,0,8,0,3,3,3,7,4,7,6,2,3,,2,2
Crispin Dela Cruz,CRI-0010,1,0,9,8,7,8,6,7,2,10,5,3,10,10,4,2,2,8,,1,2
Crispin Dela Cruz,CRI-0011,9,5,7,8,6,9,9,7,4,0,6,3,10,1,1,3,6,7,,1,2
Crispin Dela Cruz,CRI-0012,4,9,9,4,5,7,8,7,1,5,7,8,0,2,8,10,8,6,Extreme Heat,1,1
Crispin Dela Cruz,CRI-0013,6,5,1,8,6,7,0,7,6,3,0,4,2,3,2,9,2,8,,2,2
Crispin Dela Cruz,CRI-0014,9,4,9,4,7,2,9,3,4,6,6,7,0,3,4,9,7,3,,1,2
Crispin Dela Cruz,CRI-0015,0,1,10,7,8,10,7,6,6,2,9,2,10,6,9,7,3,0,,1,2
Crispin Dela Cruz,CRI-0016,4,1,1,6,10,3,3,7,10,1,0,7,10,9,2,7,8,8,,1,1
Crispin Dela Cruz,CRI-0017,3,6,7,6,0,10,7,1,6,3,0,0,6,2,7,0,2,10,,2,2
Crispin Dela Cruz,CRI-0018,9,5,1,8,10,7,8,1,5,0,10,6,9,4,0,4,10,7,Storm Surge,2,2
Crispin Dela Cruz,CRI-0019,1,1,1,2,7,10,1,9,1,0,2,0,9,7,5,3,0,2,,2,1
Crispin Dela Cruz,CRI-0020,7,5,8,0,4,5,3,9,10,8,0,7,7,4,2,0,9,4,,1,2
Crispin Dela Cruz,CRI-0021,2,0,6,7,1,7,10,3,10,4,3,4,1,1,9,5,3,6,,2,2
Crispin Dela Cruz,CRI-0022,0,6,8,1,3,5,5,9,3,4,9,9,0,4,6,5,2,1,,2,2
Crispin Dela Cruz,CRI-0023,7,1,10,3,0,6,7,0,0,6,7,6,7,9,2,9,5,8,Extreme Heat,2,2
Crispin Dela Cruz,CRI-0024,8,0,3,4,8,1,8,6,8,6,8,2,10,7,8,0,3,6,Pandemic,1,1
Crispin Dela Cruz,CRI-0025,9,6,0,2,2,0,8,7,7,10,7,10,9,4,3,8,10,1,,1,2
Crispin Dela Cruz,CRI-0026,2,3,6,10,6,3,0,2,4,0,2,0,0,9,1,0,8,3,,1,2
Crispin Dela Cruz,CRI-0027,4,10,0,0,5,8,1,6,0,0,8,10,6,10,2,5,0,6,,2,1
Crispin Dela Cruz,CRI-0028,5,7,3,5,1,7,8,2,8,2,1,1,4,2,7,4,4,7,Extreme Heat,1,1
Crispin Dela Cruz,CRI-0029,4,8,9,2,2,2,10,4,1,1,0,2,1,4,8,7,1,1,,2,2
Crispin Dela Cruz,CRI-0030,9,0,5,4,10,3,9,10,6,7,6,9,1,3,9,5,8,4,,1,1
Crispin Dela Cruz,CRI-0031,6,4,1,9,3,10,6,10,3,2,8,6,1,2,1,1,0,0,,1,1
Crispin Dela Cruz,CRI-0032,7,8,10,6,10,5,7,5,2,10,0,6,5,4,10,5,2,8,,1,2
Crispin Dela Cruz,CRI-0033,9,4,3,0,1,6,7,4,4,1,6,6,7,5,0,9,4,1,,2,2
Crispin Dela Cruz,CRI-0034,5,8,3,4,1,7,6,7,10,10,4,5,0,7,0,6,5,1,,2,1
Crispin Dela Cruz,CRI-0035,0,4,6,5,5,5,7,3,6,8,8,5,8,2,7,2,4,4,,2,2
Crispin Dela Cruz,CRI-0036,0,7,3,0,8,6,10,3,8,1,3,2,4,0,7,2,0,2,Power Outage,1,1
Crispin Dela Cruz,CRI-0037,10,2,1,8,8,1,1,1,9,6,1,2,3,1,0,4,2,2,,1,2
Crispin Dela Cruz,CRI-0038,7,2,6,3,0,8,7,4,8,0,1,0,0,10,7,6,2,9,Landslide,2,2
Crispin Dela Cruz,CRI-0039,5,0,2,10,1,8,5,10,2,3,2,4,10,4,7,10,6,7,,1,2
Crispin Dela Cruz,CRI-0040,5,3,0,10,8,6,1,2,3,6,3,2,8,9,10,7,7,6,,2,2
Crispin Dela Cruz,CRI-0041,3,3,1,3,1,1,3,10,2,5,3,9,4,6,3,1,7,8,,2,2
Crispin Dela Cruz,CRI-0042,10,8,8,5,0,4,1,8,1,5,4,0,1,5,0,1,9,6,,1,2
Crispin Dela Cruz,CRI-0043,9,8,2,9,1,4,1,4,2,2,2,10,7,0,0,6,1,0,,2,1
Crispin Dela Cruz,CRI-0044,2,7,5,5,6,6,2,6,5,9,1,8,0,4,3,10,2,3,,1,1
Crispin Dela Cruz,CRI-0045,0,8,9,4,8,7,4,1,2,2,0,4,5,10,8,3,8,10,,2,2
Crispin Dela Cruz,CRI-0046,1,3,1,9,6,9,2,0,3,0,10,2,0,7,9,1,2,6,,1,1
Crispin Dela Cruz,CRI-0047,3,4,8,7,5,5,7,6,6,3,3,6,0,7,4,6,3,2,,1,1
Crispin Dela Cruz,CRI-0048,0,8,6,0,6,2,5,6,2,3,3,3,5,0,8,0,4,3,Oil Spill,2,1
Crispin Dela Cruz,CRI-0049,3,8,6,2,8,2,9,8,7,2,1,8,8,1,2,6,5,4,,2,2
Crispin Dela Cruz,CRI-0050,3,5,1,8,10,6,10,8,6,10,7,9,2,5,2,2,3,4,,1,1
