barangay,household_id,main_water_source,main_drinking_water,main_cooking_water,location_water_source,minutes_collect_water,member_fetch_water,distance_water_source,toilet_facility,location_toilet,shared_toilet,open_to_public,garbage_disposal,handwashing_facility,water_availability,soap_availability,handwashing_material
Anitap,ANI-0001,6,32,14,3,27,2,5,11,2,1,1,B,4,2,1,A
Anitap,ANI-0002,3,12,13,3,10,6,2,12,1,1,2,H,1,1,1,C
Anitap,ANI-0003,6,51,31,1,1,6,4,13,2,1,2,F,3,2,1,Z
Anitap,ANI-0004,4,21,92,3,27,3,2,21,3,2,2,F,5,2,1,C
Anitap,ANI-0005,3,91,13,1,10,1,2,12,3,1,2,B,3,1,1,A
Anitap,ANI-0006,3,41,71,3,3,2,4,13,2,1,2,Z,3,1,1,C
Anitap,ANI-0007,2,61,41,1,0,6,0,14,1,2,1,C,9,1,2,C
Anitap,ANI-0008,3,81,91,2,20,2,3,13,3,1,2,D,1,1,2,C
Anitap,ANI-0009,7,51,91,2,21,1,0,21,3,2,1,F,2,2,2,C
Anitap,ANI-0010,6,13,81,3,10,1,4,21,1,2,1,I,5,2,1,C
Anitap,ANI-0011,7,81,21,2,5,4,1,23,2,2,1,I,2,2,2,B
Anitap,ANI-0012,5,72,12,1,14,5,2,21,1,2,1,G,9,2,1,Z
Anitap,ANI-0013,4,61,92,1,29,1,0,21,3,2,2,G,2,2,1,A
Anitap,ANI-0014,5,81,91,1,11,2,5,22,3,2,1,B,2,2,2,Z
Anitap,ANI-0015,3,12,71,2,29,5,0,23,2,2,1,Z,5,1,1,C
Anitap,ANI-0016,4,12,11,2,1,4,3,13,1,1,2,C,5,2,1,Z
Anitap,ANI-0017,6,12,12,3,19,6,0,13,3,1,1,D,4,2,1,A
Anitap,ANI-0018,3,13,41,3,10,2,0,31,2,2,2,B,4,1,1,A
Anitap,ANI-0019,7,21,81,3,9,1,2,22,2,2,1,A,2,2,1,Z
Anitap,ANI-0020,3,12,14,1,5,5,4,12,3,1,1,A,4,1,1,B
Anitap,ANI-0021,6,92,31,1,7,1,4,15,2,2,2,I,5,2,1,B
Anitap,ANI-0022,3,31,42,2,14,2,1,12,3,1,2,E,5,1,2,A
Anitap,ANI-0023,6,31,41,3,11,1,2,22,2,2,2,I,2,2,1,A
Anitap,ANI-0024,7,61,12,2,0,5,5,11,3,1,2,F,3,2,1,C
Anitap,ANI-0025,2,11,61,3,0,1,0,22,1,2,2,Z,5,1,1,A
Anitap,ANI-0026,4,41,81,3,22,3,0,31,1,2,1,E,2,2,1,B
Anitap,ANI-0027,8,21,31,3,0,3,0,13,3,1,1,F,3,2,1,Z
Anitap,ANI-0028,8,91,14,1,0,4,0,13,1,1,1,D,1,2,1,B
Anitap,ANI-0029,5,31,42,2,30,2,3,22,2,2,1,E,5,2,1,B
Anitap,ANI-0030,3,14,72,2,15,1,2,11,2,1,1,H,9,1,2,B
Manuel Roxas,MAN-0001,6,92,91,2,28,4,5,12,1,1,1,Z,2,2,2,Z
Manuel Roxas,MAN-0002,2,11,81,1,0,5,0,11,2,1,1,Z,5,1,1,B
Manuel Roxas,MAN-0003,3,12,61,1,8,5,2,14,1,2,1,A,4,1,2,A
Manuel Roxas,MAN-0004,7,71,91,3,22,3,5,23,2,2,2,E,9,2,2,A
Manuel Roxas,MAN-0005,6,61,11,1,18,4,1,14,2,2,2,H,5,2,1,C
Manuel Roxas,MAN-0006,6,13,42,3,8,4,2,23,2,2,2,Z,4,2,1,C
Manuel Roxas,MAN-0007,5,72,41,2,14,4,0,22,2,2,2,H,5,2,2,C
Manuel Roxas,MAN-0008,5,12,13,3,17,3,5,15,3,2,2,I,4,2,2,B
Manuel Roxas,MAN-0009,7,99,12,2,2,4,5,13,2,1,2,I,2,2,1,B
Manuel Roxas,MAN-0010,3,41,41,3,4,6,0,22,2,2,2,F,9,1,1,Z
Manuel Roxas,MAN-0011,4,61,12,2,2,4,4,21,1,2,1,F,9,2,1,B
Manuel Roxas,MAN-0012,5,21,13,1,26,6,3,12,1,1,1,I,9,2,1,A
Manuel Roxas,MAN-0013,4,32,12,3,8,4,3,23,1,2,2,G,1,2,2,A
Manuel Roxas,MAN-0014,2,91,42,2,0,4,0,23,1,2,1,G,2,1,1,A
Manuel Roxas,MAN-0015,4,42,91,3,18,2,1,15,2,2,2,A,4,2,2,C
Manuel Roxas,MAN-0016,2,81,21,1,0,3,0,23,3,2,1,F,3,1,1,A
Manuel Roxas,MAN-0017,7,81,13,2,12,2,2,14,2,2,1,F,2,2,1,B
Manuel Roxas,MAN-0018,7,11,14,2,25,5,2,14,3,2,2,B,1,2,1,B
Manuel Roxas,MAN-0019,5,12,61,2,7,1,5,13,2,1,2,D,4,2,1,A
Manuel Roxas,MAN-0020,4,61,72,1,29,4,1,14,3,2,1,I,1,2,1,C
Manuel Roxas,MAN-0021,2,92,41,2,0,3,0,14,2,2,1,D,2,1,1,Z
Manuel Roxas,MAN-0022,5,61,21,2,12,5,5,21,1,2,1,F,3,2,1,C
Manuel Roxas,MAN-0023,5,13,71,3,29,2,3,15,2,2,2,H,3,2,1,Z
Manuel Roxas,MAN-0024,2,32,11,3,0,3,0,14,3,2,1,H,2,1,1,Z
Manuel Roxas,MAN-0025,5,51,31,1,12,5,4,12,2,1,2,Z,5,2,1,C
Manuel Roxas,MAN-0026,4,81,12,3,3,1,1,14,3,2,1,D,5,2,1,A
Manuel Roxas,MAN-0027,4,14,31,3,14,6,3,23,3,2,1,B,2,2,1,B
Manuel Roxas,MAN-0028,5,61,31,2,19,5,5,12,3,1,1,I,3,2,1,B
Manuel Roxas,MAN-0029,4,32,51,1,30,4,5,22,1,2,2,H,1,2,1,C
Manuel Roxas,MAN-0030,7,72,99,3,13,2,3,14,2,2,2,E,9,2,1,B
Manuel Roxas,MAN-0031,4,51,32,3,30,2,3,14,1,2,1,H,9,2,1,A
Manuel Roxas,MAN-0032,4,12,13,1,8,2,5,21,3,2,1,I,3,2,1,B
Manuel Roxas,MAN-0033,3,99,41,1,25,4,1,23,2,2,2,D,5,1,1,B
Manuel Roxas,MAN-0034,8,31,14,1,0,3,0,11,2,1,1,C,4,2,1,A
Manuel Roxas,MAN-0035,3,61,13,2,28,5,5,12,2,1,1,D,3,1,1,C
Manuel Roxas,MAN-0036,7,21,11,2,11,4,5,13,3,1,2,H,9,2,2,B
Manuel Roxas,MAN-0037,4,81,21,1,10,4,0,15,1,2,2,E,4,2,2,Z
Manuel Roxas,MAN-0038,4,13,92,3,25,4,1,23,1,2,1,H,5,2,1,A
Manuel Roxas,MAN-0039,6,71,42,3,20,6,5,14,1,2,1,D,9,2,2,A
Manuel Roxas,MAN-0040,1,11,42,3,0,4,0,13,1,1,1,A,5,1,1,A
Manuel Roxas,MAN-0041,4,92,41,1,20,4,3,14,3,2,2,Z,9,2,1,B
Manuel Roxas,MAN-0042,3,12,31,1,20,1,1,23,3,2,1,E,9,1,2,A
Manuel Roxas,MAN-0043,3,42,31,1,20,6,4,11,2,1,2,A,5,1,1,A
Manuel Roxas,MAN-0044,4,42,13,2,29,2,1,14,2,2,2,B,5,2,1,A
Manuel Roxas,MAN-0045,6,41,61,1,23,1,3,15,3,2,2,A,3,2,1,A
Manuel Roxas,MAN-0046,4,72,14,3,1,1,5,21,1,2,2,E,3,2,1,Z
Manuel Roxas,MAN-0047,2,61,13,2,0,6,0,11,2,1,2,H,9,1,1,B
Manuel Roxas,MAN-0048,4,61,91,1,27,2,4,13,2,1,2,Z,9,2,2,B
Manuel Roxas,MAN-0049,3,72,61,3,23,4,5,13,3,1,1,B,4,1,1,A
Manuel Roxas,MAN-0050,3,72,32,2,12,2,1,23,2,2,2,F,9,1,2,A
Manuel Roxas,MAN-0051,5,32,12,3,16,4,5,14,2,2,2,B,2,2,1,Z
Manuel Roxas,MAN-0052,5,31,14,2,19,2,1,14,2,2,1,C,5,2,2,B
Manuel Roxas,MAN-0053,5,14,14,1,9,5,0,21,3,2,1,A,1,2,2,B
Manuel Roxas,MAN-0054,3,21,71,2,8,5,1,21,2,2,2,Z,3,1,2,B
Manuel Roxas,MAN-0055,7,91,91,1,20,5,2,15,2,2,2,C,2,2,2,A
Manuel Roxas,MAN-0056,2,72,32,2,0,5,0,31,1,2,2,G,4,1,1,C
Manuel Roxas,MAN-0057,2,71,51,1,0,2,0,14,2,2,2,G,2,1,1,B
Manuel Roxas,MAN-0058,4,71,21,3,27,2,1,23,3,2,1,A,4,2,1,A
Don Aurelio Chicote,DON-0001,7,12,99,1,8,5,3,23,1,2,2,E,5,2,1,B
Don Aurelio Chicote,DON-0002,7,31,92,3,26,3,4,22,3,2,1,C,9,2,2,B
Don Aurelio Chicote,DON-0003,7,42,51,3,11,1,5,14,1,2,1,H,9,2,1,C
Don Aurelio Chicote,DON-0004,2,14,91,1,0,5,0,12,2,1,2,B,2,1,2,A
Don Aurelio Chicote,DON-0005,4,32,42,1,8,5,1,13,1,1,2,G,3,2,1,A
Don Aurelio Chicote,DON-0006,4,21,13,2,26,6,1,14,2,2,1,F,3,2,1,Z
Don Aurelio Chicote,DON-0007,3,92,14,3,20,2,2,22,3,2,1,C,1,1,2,B
Don Aurelio Chicote,DON-0008,4,14,71,1,20,4,5,13,3,1,2,I,3,2,1,B
Don Aurelio Chicote,DON-0009,1,81,42,2,0,4,0,14,1,2,1,F,4,1,1,A
Don Aurelio Chicote,DON-0010,4,81,71,1,27,6,5,12,2,1,1,A,3,2,2,A
Don Aurelio Chicote,DON-0011,2,32,31,1,0,5,0,14,3,2,1,G,4,1,1,Z
Don Aurelio Chicote,DON-0012,5,31,91,1,7,6,0,22,2,2,1,D,3,2,1,B
Don Aurelio Chicote,DON-0013,5,12,11,1,23,1,2,14,3,2,1,F,1,2,1,C
Don Aurelio Chicote,DON-0014,4,32,32,3,15,1,3,11,2,1,2,D,4,2,1,C
Don Aurelio Chicote,DON-0015,3,41,51,3,27,3,5,13,1,1,2,Z,3,1,1,C
Don Aurelio Chicote,DON-0016,2,51,11,3,0,5,0,12,2,1,1,G,2,1,1,Z
Don Aurelio Chicote,DON-0017,5,13,14,1,11,5,3,12,2,1,2,I,4,2,1,A
Don Aurelio Chicote,DON-0018,4,61,71,3,18,5,0,14,3,2,2,B,9,2,1,Z
Don Aurelio Chicote,DON-0019,7,99,14,1,1,1,5,23,1,2,2,E,5,2,1,Z
Don Aurelio Chicote,DON-0020,4,71,99,1,20,4,0,12,1,1,1,G,4,2,2,A
Don Aurelio Chicote,DON-0021,6,21,92,1,18,6,0,12,1,1,1,E,3,2,2,Z
Don Aurelio Chicote,DON-0022,4,31,91,3,5,6,3,31,3,2,1,Z,3,2,1,Z
Don Aurelio Chicote,DON-0023,5,14,51,1,4,5,2,15,3,2,2,A,1,2,2,A
Don Aurelio Chicote,DON-0024,4,32,61,2,0,6,5,21,3,2,2,E,3,2,1,A
Don Aurelio Chicote,DON-0025,3,91,81,2,25,6,5,14,1,2,2,D,1,1,1,C
Don Aurelio Chicote,DON-0026,5,21,81,1,11,2,5,22,1,2,2,B,9,2,1,B
Don Aurelio Chicote,DON-0027,3,51,21,1,18,5,2,14,2,2,1,G,4,1,1,Z
Don Aurelio Chicote,DON-0028,5,81,21,2,0,2,3,15,2,2,1,I,9,2,1,C
Don Aurelio Chicote,DON-0029,5,32,13,3,7,3,2,31,1,2,1,Z,3,2,1,Z
Don Aurelio Chicote,DON-0030,2,12,91,2,0,1,0,14,3,2,2,C,4,1,2,B
Don Aurelio Chicote,DON-0031,5,81,72,2,7,3,5,13,1,1,1,B,4,2,1,A
Don Aurelio Chicote,DON-0032,2,91,31,1,0,2,0,11,2,1,1,B,1,1,1,Z
Don Aurelio Chicote,DON-0033,5,31,13,1,10,3,0,22,2,2,2,F,3,2,1,A
Don Aurelio Chicote,DON-0034,4,31,51,2,7,3,5,21,1,2,2,C,9,2,2,C
Don Aurelio Chicote,DON-0035,7,61,31,2,27,3,0,15,3,2,2,I,2,2,1,A
Don Aurelio Chicote,DON-0036,5,61,61,1,8,2,3,12,1,1,1,D,1,2,2,B
Don Aurelio Chicote,DON-0037,2,51,13,3,0,2,0,11,1,1,1,E,1,1,1,C
Don Aurelio Chicote,DON-0038,4,41,32,2,28,4,4,21,3,2,2,B,1,2,1,B
Don Aurelio Chicote,DON-0039,4,72,12,2,24,2,1,11,2,1,1,Z,4,2,1,A
Don Aurelio Chicote,DON-0040,6,41,31,1,26,5,4,15,3,2,1,B,1,2,1,B
Don Aurelio Chicote,DON-0041,7,21,14,3,9,6,2,12,1,1,2,A,4,2,2,Z
Don Aurelio Chicote,DON-0042,3,61,31,1,11,6,4,15,3,2,1,E,9,1,1,C
Don Aurelio Chicote,DON-0043,4,32,14,2,5,3,2,15,2,2,1,F,3,2,1,A
Don Aurelio Chicote,DON-0044,7,13,21,2,9,2,0,23,1,2,2,Z,1,2,1,C
Don Aurelio Chicote,DON-0045,3,13,51,3,27,4,3,31,1,2,1,A,2,1,1,B
Don Aurelio Chicote,DON-0046,4,92,41,1,19,2,5,15,3,2,2,G,1,2,1,Z
Don Aurelio Chicote,DON-0047,5,51,99,3,16,2,0,22,3,2,1,Z,9,2,1,A
Don Aurelio Chicote,DON-0048,4,21,42,1,7,3,3,11,1,1,1,G,3,2,2,C
Don Aurelio Chicote,DON-0049,5,13,71,3,12,1,3,21,2,2,2,E,5,2,1,A
Don Aurelio Chicote,DON-0050,2,42,71,2,0,2,0,12,1,1,1,F,5,1,1,C
Don Aurelio Chicote,DON-0051,2,41,81,1,0,6,0,12,1,1,2,B,3,1,1,B
Don Aurelio Chicote,DON-0052,2,11,71,2,0,5,0,23,1,2,2,H,1,1,1,Z
Don Aurelio Chicote,DON-0053,2,61,41,1,0,5,0,14,2,2,2,H,1,1,2,Z
Don Aurelio Chicote,DON-0054,3,99,41,2,21,4,2,21,2,2,1,H,2,1,1,Z
Don Aurelio Chicote,DON-0055,4,81,13,3,19,4,4,31,3,2,1,C,9,2,1,B
Don Aurelio Chicote,DON-0056,1,41,71,1,0,5,0,14,1,2,2,A,9,1,1,A
Don Aurelio Chicote,DON-0057,4,42,91,3,3,5,3,21,3,2,1,C,5,2,1,Z
Don Aurelio Chicote,DON-0058,5,99,13,2,16,4,1,21,1,2,2,E,1,2,1,A
Don Aurelio Chicote,DON-0059,3,42,81,2,27,3,1,23,2,2,2,B,9,1,2,A
Don Aurelio Chicote,DON-0060,3,61,21,2,28,4,5,22,3,2,2,Z,5,1,1,B
Don Aurelio Chicote,DON-0061,4,71,21,1,26,4,0,14,1,2,2,Z,3,2,1,C
Lavigan,LAV-0001,3,42,32,3,1,6,3,13,2,1,1,A,5,1,2,Z
Lavigan,LAV-0002,3,41,51,3,17,6,1,21,2,2,2,E,2,1,1,B
Lavigan,LAV-0003,7,13,72,1,9,2,2,12,2,1,1,A,1,2,2,B
Lavigan,LAV-0004,1,21,31,2,0,6,0,13,2,1,2,Z,4,1,1,C
Lavigan,LAV-0005,4,99,13,3,7,1,5,13,1,1,1,G,3,2,1,B
Lavigan,LAV-0006,7,32,21,2,19,1,4,12,3,1,1,I,2,2,2,C
Lavigan,LAV-0007,5,21,41,3,4,2,4,22,3,2,2,G,3,2,2,A
Lavigan,LAV-0008,7,32,13,2,30,5,5,21,1,2,1,B,2,2,2,A
Lavigan,LAV-0009,5,41,51,1,8,2,3,14,1,2,2,Z,1,2,1,A
Lavigan,LAV-0010,6,21,61,1,28,6,5,21,3,2,1,G,9,2,1,B
Lavigan,LAV-0011,3,92,12,1,30,6,4,14,1,2,1,D,5,1,1,Z
Lavigan,LAV-0012,2,91,91,3,0,5,0,15,2,2,2,A,4,1,1,C
Lavigan,LAV-0013,2,91,14,1,0,5,0,22,1,2,1,Z,4,1,1,B
Lavigan,LAV-0014,4,71,13,3,19,2,2,13,2,1,2,H,1,2,1,Z
Lavigan,LAV-0015,6,32,91,2,28,6,5,15,1,2,1,H,1,2,1,Z
Lavigan,LAV-0016,4,14,71,1,7,4,3,14,1,2,2,A,1,2,2,C
Lavigan,LAV-0017,3,72,41,1,12,5,3,13,3,1,2,G,2,1,1,C
Lavigan,LAV-0018,3,71,91,3,3,1,4,15,1,2,2,D,4,1,2,C
Lavigan,LAV-0019,5,91,72,1,2,5,0,12,3,1,2,H,9,2,1,B
Lavigan,LAV-0020,8,72,99,2,0,3,0,14,3,2,1,Z,3,2,2,B
Lavigan,LAV-0021,3,13,92,1,25,1,2,12,2,1,2,G,4,1,1,B
Lavigan,LAV-0022,5,51,14,1,4,3,1,14,2,2,2,I,3,2,2,A
Lavigan,LAV-0023,6,14,21,2,10,4,5,11,1,1,2,F,3,2,1,C
Lavigan,LAV-0024,3,21,99,2,9,3,1,12,1,1,1,A,3,1,1,B
Lavigan,LAV-0025,2,12,71,3,0,4,0,21,3,2,1,C,2,1,2,A
Lavigan,LAV-0026,3,92,99,1,30,3,4,13,1,1,1,A,2,1,1,A
Lavigan,LAV-0027,2,12,41,2,0,4,0,21,1,2,1,F,4,1,1,B
Lavigan,LAV-0028,3,13,32,2,18,6,3,13,2,1,1,B,9,1,1,Z
Lavigan,LAV-0029,8,41,71,1,0,5,0,14,2,2,1,G,2,2,1,B
Lavigan,LAV-0030,8,72,99,2,0,6,0,15,1,2,2,A,5,2,1,A
Lavigan,LAV-0031,4,51,32,2,26,1,1,21,1,2,2,I,2,2,1,C
Lavigan,LAV-0032,4,92,32,1,27,4,5,22,3,2,2,B,2,2,1,C
Lavigan,LAV-0033,8,71,13,1,0,5,0,14,2,2,1,I,3,2,1,A
Lavigan,LAV-0034,4,32,71,3,14,5,1,23,1,2,2,H,1,2,2,Z
Lavigan,LAV-0035,4,51,92,2,14,2,0,14,2,2,1,G,5,2,1,C
Lavigan,LAV-0036,4,72,14,1,1,3,3,14,3,2,1,E,9,2,2,Z
Lavigan,LAV-0037,3,31,21,1,30,6,2,23,2,2,2,B,1,1,2,C
Lavigan,LAV-0038,3,71,61,2,5,3,5,13,1,1,1,B,1,1,1,A
Lavigan,LAV-0039,7,61,91,2,25,4,3,13,2,1,1,A,4,2,1,Z
Lavigan,LAV-0040,2,11,61,2,0,6,0,22,1,2,1,C,9,1,1,Z
Lavigan,LAV-0041,4,11,71,2,17,1,1,23,1,2,1,I,1,2,1,C
Lavigan,LAV-0042,6,91,21,1,20,1,1,14,3,2,1,B,2,2,1,C
Lavigan,LAV-0043,4,72,21,2,5,3,2,11,1,1,2,C,4,2,1,Z
Lavigan,LAV-0044,6,99,72,1,15,1,3,23,2,2,2,F,3,2,1,B
Lavigan,LAV-0045,7,21,41,3,21,6,5,21,3,2,1,H,5,2,1,B
Lavigan,LAV-0046,1,14,91,2,0,4,0,31,3,2,1,B,1,1,1,B
Lavigan,LAV-0047,3,42,21,2,8,6,2,21,2,2,1,C,5,1,1,A
Lavigan,LAV-0048,4,92,61,2,10,4,4,15,3,2,1,I,4,2,1,C
Lavigan,LAV-0049,6,72,91,1,11,4,3,23,1,2,1,D,9,2,2,A
Lavigan,LAV-0050,7,32,72,1,1,4,3,13,3,1,1,E,5,2,1,A
Lavigan,LAV-0051,5,41,42,1,29,6,3,13,1,1,2,H,4,2,1,B
Lavigan,LAV-0052,3,71,21,2,24,4,1,22,3,2,2,I,3,1,1,B
Lavigan,LAV-0053,3,31,92,3,7,6,3,11,2,1,2,H,2,1,1,B
Lavigan,LAV-0054,3,11,72,2,3,3,3,13,2,1,1,A,1,1,1,A
Lavigan,LAV-0055,4,11,42,3,20,6,3,21,1,2,2,Z,2,2,2,A
Lavigan,LAV-0056,8,13,41,3,0,2,0,12,2,1,2,G,1,2,1,B
Lavigan,LAV-0057,3,31,11,3,25,2,3,11,3,1,1,A,3,1,2,Z
Lavigan,LAV-0058,5,51,31,3,5,2,5,13,3,1,2,B,4,2,1,Z
Luzon,LUZ-0001,6,42,12,3,9,6,1,21,3,2,1,H,9,2,1,A
Luzon,LUZ-0002,1,51,13,3,0,6,0,12,2,1,1,D,9,1,1,Z
Luzon,LUZ-0003,5,42,32,1,24,3,0,21,3,2,1,H,9,2,1,B
Luzon,LUZ-0004,8,32,61,1,0,2,0,14,2,2,2,F,1,2,2,C
Luzon,LUZ-0005,1,31,32,2,0,4,0,21,2,2,2,E,5,1,1,B
Luzon,LUZ-0006,3,13,42,2,21,6,3,22,1,2,2,D,5,1,2,C
Luzon,LUZ-0007,2,72,41,1,0,3,0,14,3,2,1,Z,4,1,1,Z
Luzon,LUZ-0008,5,99,72,1,3,4,5,14,3,2,1,I,9,2,1,B
Luzon,LUZ-0009,3,91,81,1,10,2,0,14,1,2,1,E,1,1,1,Z
Luzon,LUZ-0010,1,13,32,1,0,1,0,15,1,2,2,A,2,1,1,C
Luzon,LUZ-0011,5,99,13,3,27,4,1,14,2,2,2,F,2,2,2,C
Luzon,LUZ-0012,3,72,71,1,8,1,0,15,3,2,2,D,3,1,1,Z
Luzon,LUZ-0013,3,92,12,3,2,4,0,15,2,2,1,Z,4,1,2,A
Luzon,LUZ-0014,5,91,12,3,12,6,4,13,1,1,1,A,1,2,1,C
Luzon,LUZ-0015,8,61,12,1,0,6,0,14,2,2,1,F,5,2,1,C
Luzon,LUZ-0016,4,61,99,3,29,6,0,14,1,2,2,I,4,2,1,C
Luzon,LUZ-0017,7,91,72,3,14,2,1,21,1,2,2,B,1,2,1,A
Luzon,LUZ-0018,6,13,92,2,27,4,1,15,1,2,1,B,4,2,1,B
Luzon,LUZ-0019,4,31,32,2,0,4,3,12,3,1,1,F,4,2,1,B
Luzon,LUZ-0020,7,31,32,3,29,5,1,31,1,2,2,H,5,2,2,Z
Luzon,LUZ-0021,7,92,32,1,15,6,2,13,3,1,2,E,3,2,2,C
Luzon,LUZ-0022,7,81,92,2,0,2,1,12,2,1,1,C,4,2,1,C
Luzon,LUZ-0023,7,81,31,3,24,1,0,12,1,1,1,E,1,2,2,C
Luzon,LUZ-0024,5,21,72,2,21,3,0,13,3,1,1,E,5,2,1,A
Luzon,LUZ-0025,8,32,32,2,0,2,0,22,2,2,2,F,3,2,1,A
Luzon,LUZ-0026,7,72,61,2,16,6,1,15,1,2,1,G,3,2,1,A
Luzon,LUZ-0027,4,12,99,2,26,3,2,22,1,2,1,I,2,2,1,C
Luzon,LUZ-0028,3,13,12,2,10,5,1,21,1,2,1,B,9,1,2,B
Luzon,LUZ-0029,2,14,31,3,0,5,0,22,3,2,1,C,4,1,1,C
Luzon,LUZ-0030,3,11,13,2,6,3,3,12,3,1,1,E,5,1,1,C
Luzon,LUZ-0031,5,81,81,2,19,2,5,12,1,1,2,G,5,2,1,A
Luzon,LUZ-0032,3,21,91,1,6,3,1,14,3,2,2,F,1,1,2,C
Luzon,LUZ-0033,4,11,32,2,22,6,4,12,3,1,1,D,1,2,1,Z
Luzon,LUZ-0034,4,32,11,2,13,2,3,23,1,2,2,B,3,2,1,B
Luzon,LUZ-0035,4,31,14,1,25,4,1,15,1,2,1,F,3,2,1,A
Luzon,LUZ-0036,7,11,14,1,14,1,0,31,1,2,2,G,3,2,1,B
Luzon,LUZ-0037,4,11,92,2,4,1,1,31,3,2,1,H,1,2,1,B
Luzon,LUZ-0038,3,31,61,2,21,4,5,14,2,2,2,C,2,1,1,B
Luzon,LUZ-0039,3,99,32,3,3,6,2,14,2,2,2,B,4,1,1,B
Luzon,LUZ-0040,6,14,92,3,4,2,5,12,3,1,2,B,5,2,2,B
Luzon,LUZ-0041,3,41,41,2,30,2,2,23,1,2,2,Z,4,1,1,C
Luzon,LUZ-0042,2,81,13,2,0,3,0,14,1,2,1,D,2,1,1,B
Luzon,LUZ-0043,5,32,81,3,30,4,4,21,1,2,2,F,5,2,1,B
Luzon,LUZ-0044,8,99,41,2,0,6,0,11,2,1,1,C,9,2,1,Z
Luzon,LUZ-0045,5,61,51,3,18,1,3,23,1,2,1,I,1,2,1,A
Luzon,LUZ-0046,4,42,99,1,26,5,1,15,3,2,1,G,2,2,1,B
Luzon,LUZ-0047,3,32,13,2,30,1,4,31,1,2,2,I,4,1,1,B
Luzon,LUZ-0048,4,91,71,3,4,4,0,15,2,2,1,D,2,2,1,A
Luzon,LUZ-0049,2,21,99,2,0,2,0,12,1,1,2,I,3,1,1,Z
Luzon,LUZ-0050,4,51,32,3,22,3,0,14,3,2,1,A,2,2,1,Z
Luzon,LUZ-0051,7,71,21,2,7,5,4,14,2,2,2,E,1,2,1,A
Luzon,LUZ-0052,5,21,99,1,7,4,2,15,1,2,2,F,2,2,1,B
Luzon,LUZ-0053,7,99,51,2,21,1,0,14,2,2,1,B,4,2,2,Z
Luzon,LUZ-0054,4,21,32,1,6,2,1,22,1,2,2,D,1,2,1,Z
Luzon,LUZ-0055,4,92,14,1,22,5,1,14,2,2,2,G,9,2,1,A
Luzon,LUZ-0056,4,42,12,3,11,6,3,13,3,1,1,C,5,2,1,B
Luzon,LUZ-0057,5,31,11,3,7,4,1,14,2,2,1,F,3,2,1,B
Luzon,LUZ-0058,5,14,99,3,13,5,4,15,3,2,1,B,3,2,2,C
Luzon,LUZ-0059,4,32,72,1,29,4,4,23,3,2,2,C,4,2,1,Z
Luzon,LUZ-0060,3,41,61,1,7,1,2,14,1,2,2,F,4,1,1,B
Luzon,LUZ-0061,5,42,71,1,25,5,5,22,3,2,2,H,9,2,1,Z
Luzon,LUZ-0062,4,42,42,2,22,2,2,21,1,2,1,G,2,2,2,B
Luzon,LUZ-0063,3,32,91,1,6,5,5,23,1,2,1,D,2,1,1,B
Luzon,LUZ-0064,5,61,92,3,18,3,4,14,3,2,2,E,1,2,1,Z
Luzon,LUZ-0065,6,42,13,1,26,6,5,14,2,2,2,H,3,2,1,B
Luzon,LUZ-0066,2,71,91,2,0,6,0,12,1,1,2,E,4,1,1,B
Magdug,MAG-0001,4,81,91,2,9,1,2,13,3,1,1,B,9,2,1,B
Magdug,MAG-0002,3,42,41,2,17,1,2,21,1,2,1,Z,2,1,1,C
Magdug,MAG-0003,6,92,12,1,26,1,4,31,2,2,2,D,1,2,1,Z
Magdug,MAG-0004,2,61,12,2,0,3,0,22,1,2,1,F,3,1,1,C
Magdug,MAG-0005,4,21,31,2,27,5,3,14,1,2,1,C,9,2,1,A
Magdug,MAG-0006,3,13,81,2,26,4,4,31,3,2,2,A,4,1,2,C
Magdug,MAG-0007,4,42,11,3,25,1,0,12,2,1,1,A,5,2,2,A
Magdug,MAG-0008,4,32,99,3,14,1,4,12,1,1,2,D,5,2,2,B
Magdug,MAG-0009,3,32,42,2,1,2,0,14,2,2,1,D,2,1,1,A
Magdug,MAG-0010,4,92,42,2,19,5,3,14,2,2,2,B,5,2,1,C
Magdug,MAG-0011,3,92,91,1,10,4,0,22,3,2,1,A,1,1,2,Z
Magdug,MAG-0012,5,81,51,1,13,5,1,12,1,1,2,E,3,2,1,C
Magdug,MAG-0013,3,81,72,2,19,6,0,21,3,2,1,I,4,1,1,C
Magdug,MAG-0014,7,51,91,3,12,2,5,12,3,1,2,B,9,2,2,A
Magdug,MAG-0015,3,14,71,3,6,3,0,23,1,2,1,I,3,1,1,A
Magdug,MAG-0016,4,13,41,2,2,4,5,12,2,1,1,E,3,2,1,C
Magdug,MAG-0017,2,14,14,3,0,6,0,23,2,2,1,C,2,1,1,C
Magdug,MAG-0018,2,41,12,2,0,1,0,21,2,2,1,I,9,1,2,Z
Magdug,MAG-0019,1,14,21,1,0,6,0,11,3,1,1,A,1,1,1,C
Magdug,MAG-0020,5,41,41,3,19,6,3,14,1,2,2,Z,5,2,2,C
Magdug,MAG-0021,6,51,92,3,5,1,0,12,3,1,1,E,2,2,1,A
Magdug,MAG-0022,4,14,61,1,14,4,2,23,1,2,2,A,2,2,1,Z
Magdug,MAG-0023,4,51,42,1,6,4,1,15,3,2,2,G,2,2,1,Z
Magdug,MAG-0024,2,51,51,1,0,3,0,12,3,1,2,Z,5,1,1,Z
Magdug,MAG-0025,7,11,71,1,3,1,0,14,2,2,1,Z,1,2,1,C
Magdug,MAG-0026,6,71,51,1,10,5,0,13,1,1,2,B,1,2,2,B
Magdug,MAG-0027,4,92,71,2,29,1,5,14,3,2,1,H,4,2,1,A
Magdug,MAG-0028,8,12,32,3,0,1,0,21,2,2,2,G,5,2,1,Z
Magdug,MAG-0029,6,41,72,3,3,1,2,22,2,2,2,G,3,2,1,Z
Magdug,MAG-0030,6,91,42,3,12,4,3,13,3,1,1,B,9,2,1,Z
Magdug,MAG-0031,3,71,42,2,28,3,0,15,1,2,1,D,1,1,1,C
Magdug,MAG-0032,6,61,42,2,1,5,3,12,2,1,2,E,2,2,1,Z
Magdug,MAG-0033,7,72,51,3,9,1,0,14,1,2,2,B,9,2,1,A
Magdug,MAG-0034,2,71,21,3,0,2,0,14,3,2,2,A,3,1,2,A
Magdug,MAG-0035,7,31,32,3,9,3,3,21,2,2,1,E,5,2,1,A
Magdug,MAG-0036,4,14,42,1,28,4,5,11,1,1,2,D,4,2,1,B
Magdug,MAG-0037,4,61,11,1,12,6,4,13,3,1,2,I,2,2,2,Z
Magdug,MAG-0038,4,92,81,2,8,4,4,13,1,1,1,B,1,2,2,C
Magdug,MAG-0039,4,81,14,2,7,5,3,15,2,2,2,D,4,2,1,C
Magdug,MAG-0040,2,31,91,1,0,3,0,13,2,1,1,E,5,1,2,Z
Magdug,MAG-0041,3,99,81,2,17,5,1,31,3,2,1,C,1,1,2,Z
Magdug,MAG-0042,3,81,71,1,24,1,2,15,2,2,1,E,3,1,1,A
Magdug,MAG-0043,3,14,14,2,1,4,5,14,1,2,1,A,1,1,2,A
Magdug,MAG-0044,1,92,21,3,0,6,0,13,3,1,2,E,3,1,2,A
Magdug,MAG-0045,5,61,92,3,6,3,4,22,3,2,2,B,9,2,1,Z
Magdug,MAG-0046,3,41,71,1,26,2,4,14,3,2,2,H,2,1,1,B
Magdug,MAG-0047,8,91,31,2,0,1,0,12,2,1,2,G,9,2,1,Z
Magdug,MAG-0048,3,61,32,2,25,4,3,23,3,2,2,F,1,1,1,B
Magdug,MAG-0049,4,51,92,2,7,6,5,14,2,2,2,A,3,2,1,B
Magdug,MAG-0050,2,41,21,3,0,5,0,21,3,2,1,F,2,1,1,Z
Magdug,MAG-0051,4,92,99,2,2,3,3,15,1,2,1,B,5,2,1,Z
Magdug,MAG-0052,6,71,81,1,3,4,0,14,3,2,1,B,3,2,1,B
Monserrat,MON-0001,2,32,81,3,0,3,0,13,2,1,1,H,4,1,1,A
Monserrat,MON-0002,7,71,71,2,14,1,4,11,2,1,1,I,2,2,2,C
Monserrat,MON-0003,4,13,72,2,20,4,3,23,1,2,1,C,5,2,1,C
Monserrat,MON-0004,3,81,32,3,14,1,2,22,1,2,1,I,4,1,2,A
Monserrat,MON-0005,2,14,81,3,0,3,0,15,3,2,2,F,5,1,1,A
Monserrat,MON-0006,7,21,32,2,19,2,3,12,2,1,2,F,2,2,2,Z
Monserrat,MON-0007,8,42,12,3,0,5,0,14,2,2,2,F,9,2,1,B
Monserrat,MON-0008,6,71,81,3,23,5,2,23,1,2,1,A,1,2,1,B
Monserrat,MON-0009,4,61,32,1,10,4,1,15,3,2,1,F,4,2,2,A
Monserrat,MON-0010,3,81,72,3,8,4,0,23,3,2,2,E,5,1,1,B
Monserrat,MON-0011,2,32,12,3,0,1,0,15,1,2,2,Z,1,1,2,C
Monserrat,MON-0012,7,91,14,3,2,3,0,21,1,2,2,I,3,2,1,A
Monserrat,MON-0013,6,61,91,1,7,6,5,13,2,1,2,G,4,2,1,Z
Monserrat,MON-0014,5,12,81,2,26,1,4,15,1,2,1,B,4,2,2,C
Monserrat,MON-0015,3,32,12,3,7,1,5,15,1,2,2,E,4,1,1,A
Monserrat,MON-0016,3,32,81,3,1,4,1,11,2,1,2,F,2,1,1,B
Monserrat,MON-0017,7,91,92,2,1,4,4,14,2,2,1,H,4,2,2,B
Monserrat,MON-0018,4,81,32,2,2,6,0,15,2,2,2,G,1,2,1,B
Monserrat,MON-0019,5,41,31,3,8,2,3,15,1,2,2,B,3,2,1,A
Monserrat,MON-0020,5,32,14,1,26,4,3,23,2,2,1,I,2,2,2,A
Monserrat,MON-0021,8,61,81,1,0,2,0,21,3,2,2,Z,1,2,1,B
Monserrat,MON-0022,2,92,12,1,0,5,0,22,1,2,2,C,5,1,1,B
Monserrat,MON-0023,4,72,41,3,11,6,4,23,2,2,1,C,1,2,2,A
Monserrat,MON-0024,5,51,14,2,30,2,5,12,2,1,1,C,3,2,1,C
Monserrat,MON-0025,1,91,92,3,0,6,0,11,3,1,2,C,9,1,1,Z
Monserrat,MON-0026,4,14,13,2,29,2,3,21,2,2,2,A,9,2,1,Z
Monserrat,MON-0027,3,14,11,3,3,1,4,31,3,2,1,Z,3,1,1,A
Monserrat,MON-0028,2,61,72,2,0,6,0,14,2,2,2,C,4,1,1,Z
Monserrat,MON-0029,5,11,32,2,25,6,2,13,1,1,2,G,3,2,1,A
Monserrat,MON-0030,2,71,41,3,0,5,0,15,2,2,1,B,1,1,2,C
Monserrat,MON-0031,3,41,21,2,4,2,0,22,1,2,1,Z,4,1,1,A
Monserrat,MON-0032,1,14,71,1,0,3,0,15,3,2,2,D,9,1,1,B
Monserrat,MON-0033,2,71,92,3,0,2,0,13,1,1,2,C,3,1,2,Z
Monserrat,MON-0034,5,92,12,3,17,6,1,15,1,2,1,C,1,2,1,A
Monserrat,MON-0035,4,32,51,2,10,1,0,12,3,1,2,D,1,2,1,Z
Monserrat,MON-0036,8,99,99,3,0,1,0,12,2,1,1,E,2,2,2,C
Monserrat,MON-0037,6,41,11,1,2,2,4,22,3,2,2,D,3,2,1,Z
Monserrat,MON-0038,6,31,11,1,1,2,5,23,3,2,1,E,2,2,1,Z
Monserrat,MON-0039,3,72,91,2,1,5,2,14,3,2,2,C,1,1,1,C
Monserrat,MON-0040,8,11,99,3,0,4,0,22,1,2,1,I,2,2,2,C
Monserrat,MON-0041,4,11,21,2,5,1,3,14,1,2,1,D,4,2,1,C
Monserrat,MON-0042,8,72,51,2,0,4,0,14,1,2,2,E,1,2,1,A
Monserrat,MON-0043,7,91,51,3,29,3,1,14,3,2,1,E,9,2,2,Z
Nangan,NAN-0001,5,92,13,1,1,6,5,15,2,2,2,C,9,2,2,C
Nangan,NAN-0002,7,81,21,3,26,2,3,22,1,2,1,G,2,2,1,B
Nangan,NAN-0003,2,21,61,2,0,3,0,14,1,2,2,I,2,1,1,C
Nangan,NAN-0004,4,91,42,1,25,4,2,23,3,2,1,G,9,2,1,B
Nangan,NAN-0005,7,13,81,2,1,3,5,15,1,2,2,G,5,2,2,B
Nangan,NAN-0006,5,13,32,1,15,5,1,15,1,2,2,Z,2,2,1,C
Nangan,NAN-0007,4,32,72,3,8,4,5,13,3,1,2,Z,5,2,1,B
Nangan,NAN-0008,3,11,71,1,7,1,4,11,2,1,1,C,9,1,2,C
Nangan,NAN-0009,4,71,13,1,17,2,0,22,3,2,2,A,4,2,1,Z
Nangan,NAN-0010,6,42,91,3,20,5,5,15,2,2,1,I,1,2,2,C
Nangan,NAN-0011,4,61,42,2,7,3,0,15,1,2,1,C,2,2,1,A
Nangan,NAN-0012,5,91,51,3,22,3,1,23,1,2,1,A,4,2,1,Z
Nangan,NAN-0013,3,51,92,1,11,2,4,22,2,2,1,F,5,1,1,B
Nangan,NAN-0014,4,32,41,1,23,3,3,21,3,2,2,F,4,2,1,Z
Nangan,NAN-0015,7,42,99,1,29,1,4,23,2,2,2,C,5,2,1,Z
Nangan,NAN-0016,7,61,61,2,30,4,2,15,2,2,1,E,3,2,1,Z
Nangan,NAN-0017,4,14,99,2,10,2,1,23,2,2,1,D,5,2,1,A
Nangan,NAN-0018,5,32,13,1,3,6,4,23,3,2,1,B,9,2,2,B
Nangan,NAN-0019,4,32,72,3,2,3,4,13,2,1,1,Z,4,2,1,C
Nangan,NAN-0020,3,11,91,3,20,1,3,23,2,2,2,Z,2,1,1,B
Nangan,NAN-0021,3,81,42,1,4,3,1,23,2,2,1,A,2,1,1,B
Nangan,NAN-0022,6,32,42,3,10,4,4,22,3,2,1,I,3,2,1,A
Nangan,NAN-0023,1,92,14,1,0,4,0,14,3,2,2,A,1,1,1,Z
Nangan,NAN-0024,4,42,81,1,14,2,1,13,3,1,2,E,5,2,2,C
Nangan,NAN-0025,4,92,71,1,17,5,1,21,2,2,2,I,5,2,1,A
Nangan,NAN-0026,6,32,14,2,15,3,2,13,1,1,1,G,3,2,2,C
Nangan,NAN-0027,7,13,31,2,17,1,4,12,2,1,2,A,4,2,1,B
Nangan,NAN-0028,7,91,31,3,18,2,1,14,3,2,1,G,2,2,2,Z
Nangan,NAN-0029,4,31,41,2,23,3,1,23,2,2,1,B,2,2,1,B
Nangan,NAN-0030,5,13,41,3,29,1,5,21,2,2,1,Z,1,2,1,Z
Nangan,NAN-0031,7,61,51,2,27,1,5,21,1,2,1,C,5,2,1,B
Nangan,NAN-0032,3,51,92,3,7,6,2,31,2,2,1,G,4,1,1,C
Nangan,NAN-0033,3,42,92,3,10,4,3,12,1,1,1,C,3,1,1,B
Nangan,NAN-0034,4,11,99,2,30,5,5,15,2,2,1,H,3,2,2,A
Nangan,NAN-0035,6,99,71,1,16,4,2,23,3,2,1,D,2,2,1,Z
Nangan,NAN-0036,3,12,42,1,30,2,0,23,1,2,2,H,3,1,1,C
Nangan,NAN-0037,3,13,41,3,20,1,3,21,3,2,2,H,3,1,1,C
Nangan,NAN-0038,5,42,81,2,6,3,3,31,2,2,2,Z,2,2,1,A
Nangan,NAN-0039,3,32,92,2,16,5,2,22,3,2,1,E,9,1,2,A
Nangan,NAN-0040,2,71,31,1,0,2,0,15,3,2,2,C,1,1,2,Z
Nangan,NAN-0041,3,72,12,2,17,2,4,13,2,1,1,Z,5,1,1,B
Nangan,NAN-0042,4,31,21,3,25,5,3,22,2,2,1,D,4,2,2,Z
Nangan,NAN-0043,5,32,91,2,7,2,4,31,2,2,1,C,2,2,1,C
Nangan,NAN-0044,4,91,92,3,30,5,5,22,1,2,1,D,9,2,1,Z
Nangan,NAN-0045,6,91,11,2,7,5,1,15,2,2,2,B,1,2,2,A
Nangan,NAN-0046,4,71,32,3,30,2,3,15,1,2,2,Z,5,2,2,C
Nangan,NAN-0047,3,71,81,3,22,5,0,15,2,2,1,H,4,1,1,C
Nangan,NAN-0048,8,14,11,2,0,5,0,23,1,2,1,C,2,2,1,A
Nangan,NAN-0049,2,31,11,3,0,1,0,14,3,2,1,C,9,1,1,B
Nangan,NAN-0050,4,91,71,1,21,4,0,15,1,2,2,C,1,2,1,C
Nangan,NAN-0051,6,81,21,3,9,6,2,13,1,1,1,C,9,2,1,B
Nangan,NAN-0052,6,41,42,2,27,6,2,12,2,1,2,F,3,2,1,Z
Nangan,NAN-0053,4,31,91,2,5,6,2,21,3,2,1,Z,2,2,1,A
Nangan,NAN-0054,4,32,42,3,29,4,5,15,2,2,2,G,3,2,1,B
Nangan,NAN-0055,4,99,92,2,8,4,1,15,2,2,2,I,4,2,1,C
Nangan,NAN-0056,4,91,11,2,28,5,4,12,1,1,2,E,1,2,1,B
Nangan,NAN-0057,1,61,32,3,0,2,0,12,3,1,1,Z,1,1,1,B
Nangan,NAN-0058,4,51,21,3,6,2,4,11,2,1,2,H,9,2,1,Z
Nangan,NAN-0059,3,13,13,1,21,1,4,15,1,2,2,C,5,1,1,B
Nangan,NAN-0060,7,12,11,3,13,1,1,14,1,2,2,G,2,2,1,A
Nangan,NAN-0061,7,12,92,1,27,2,1,21,3,2,1,F,4,2,1,B
Nangan,NAN-0062,2,41,72,3,0,3,0,15,3,2,1,Z,3,1,1,C
Nangan,NAN-0063,3,71,71,1,0,1,0,14,3,2,2,D,1,1,2,B
Nangan,NAN-0064,4,21,71,2,26,5,3,12,1,1,2,B,1,2,1,Z
Nangan,NAN-0065,4,31,51,3,28,6,5,13,3,1,1,D,1,2,1,A
Nangan,NAN-0066,4,92,81,1,25,5,1,12,2,1,1,G,5,2,2,Z
Nangan,NAN-0067,1,31,12,1,0,6,0,22,2,2,2,H,4,1,2,C
Nangan,NAN-0068,4,72,42,2,8,5,5,14,1,2,1,A,4,2,1,C
Nangan,NAN-0069,7,12,61,2,21,3,2,14,2,2,1,G,9,2,1,A
Nangan,NAN-0070,6,42,92,2,11,4,3,14,1,2,1,Z,4,2,1,Z
Nangan,NAN-0071,4,91,71,1,10,2,3,23,1,2,1,C,2,2,2,Z
Nangan,NAN-0072,7,21,91,1,21,5,2,14,1,2,1,E,5,2,1,Z
Nangan,NAN-0073,5,99,81,2,22,2,0,15,3,2,2,B,3,2,1,A
Nangan,NAN-0074,3,71,14,3,2,1,4,12,1,1,2,D,5,1,1,Z
Nangan,NAN-0075,5,41,12,3,20,3,5,21,2,2,1,H,5,2,1,Z
Nangan,NAN-0076,4,91,12,2,27,2,5,23,3,2,1,B,5,2,1,C
Nangan,NAN-0077,5,41,14,3,16,6,4,11,2,1,2,B,9,2,2,Z
Nangan,NAN-0078,5,21,91,3,9,5,3,21,1,2,2,G,4,2,1,A
Nangan,NAN-0079,5,32,42,1,15,5,0,21,2,2,2,Z,9,2,1,C
Nangan,NAN-0080,4,13,99,1,28,4,2,22,2,2,1,I,3,2,2,B
Nangan,NAN-0081,7,41,14,3,30,3,2,11,1,1,1,I,4,2,1,A
Nangan,NAN-0082,3,14,31,1,19,5,5,15,3,2,1,C,5,1,1,A
Nangan,NAN-0083,2,32,91,3,0,4,0,23,3,2,2,G,2,1,2,C
Nangan,NAN-0084,4,81,81,3,11,2,4,12,3,1,1,B,2,2,1,Z
Nangan,NAN-0085,4,11,12,3,9,5,4,12,3,1,1,F,3,2,2,A
Nangan,NAN-0086,5,41,72,3,13,2,2,12,2,1,1,B,1,2,1,Z
Nangan,NAN-0087,3,92,92,2,9,1,0,23,2,2,2,A,9,1,1,B
Nangan,NAN-0088,3,81,92,2,24,3,4,12,1,1,1,C,9,1,1,Z
Nangan,NAN-0089,4,11,11,3,20,2,0,22,3,2,2,Z,3,2,2,A
Nangan,NAN-0090,4,71,71,3,4,2,1,31,1,2,1,I,1,2,1,B
Nangan,NAN-0091,2,92,14,2,0,4,0,22,3,2,2,F,2,1,2,B
Nangan,NAN-0092,2,42,14,3,0,1,0,15,1,2,1,I,1,1,1,C
Nangan,NAN-0093,5,41,21,2,7,6,1,13,1,1,1,I,5,2,2,A
Nangan,NAN-0094,5,81,41,2,2,6,1,13,2,1,1,D,9,2,1,Z
Nangan,NAN-0095,7,81,12,3,14,2,0,31,1,2,1,Z,3,2,1,A
Nangan,NAN-0096,3,61,81,3,16,4,1,12,2,1,2,I,9,1,1,Z
Nangan,NAN-0097,4,71,91,1,22,3,1,12,3,1,1,I,1,2,2,Z
Nangan,NAN-0098,5,72,72,3,23,6,0,12,3,1,1,F,3,2,1,A
Nangan,NAN-0099,3,71,91,3,1,6,4,21,2,2,2,I,2,1,2,C
Nangan,NAN-0100,4,21,99,1,24,4,1,21,2,2,2,Z,9,2,1,Z
Nangan,NAN-0101,6,51,31,3,1,1,4,11,1,1,1,F,5,2,2,Z
Nangan,NAN-0102,1,21,21,3,0,4,0,12,3,1,1,I,1,1,2,B
Nangan,NAN-0103,5,11,92,1,22,4,5,15,1,2,1,G,5,2,1,C
Nangan,NAN-0104,5,11,41,3,26,4,4,15,2,2,1,F,9,2,2,A
Nangan,NAN-0105,2,61,31,1,0,6,0,13,1,1,2,H,3,1,1,A
Nangan,NAN-0106,6,91,81,2,12,1,1,15,2,2,2,G,1,2,2,Z
Nangan,NAN-0107,3,99,71,2,8,4,4,21,1,2,2,C,3,1,1,B
Nangan,NAN-0108,2,41,61,2,0,2,0,15,1,2,1,I,5,1,1,A
Nangan,NAN-0109,3,61,99,2,25,3,5,22,3,2,1,I,2,1,1,C
Nangan,NAN-0110,5,13,99,1,16,6,2,12,2,1,2,I,4,2,2,C
Nangan,NAN-0111,2,14,72,3,0,2,0,11,2,1,2,I,4,1,1,B
Nangan,NAN-0112,4,71,51,3,5,2,3,15,3,2,1,Z,5,2,1,B
Oregon,ORE-0001,3,12,12,3,4,4,2,21,1,2,1,A,1,1,1,B
Oregon,ORE-0002,5,11,31,3,25,2,2,12,2,1,2,H,9,2,2,A
Oregon,ORE-0003,5,14,99,3,1,6,4,12,1,1,2,C,1,2,2,C
Oregon,ORE-0004,6,71,51,2,13,4,3,12,3,1,1,F,4,2,1,Z
Oregon,ORE-0005,4,21,92,1,8,3,4,13,1,1,1,G,2,2,1,A
Oregon,ORE-0006,1,61,72,1,0,6,0,14,3,2,1,F,1,1,2,A
Oregon,ORE-0007,4,31,81,2,15,4,3,14,2,2,2,C,3,2,1,Z
Oregon,ORE-0008,2,71,99,2,0,6,0,14,3,2,1,D,4,1,2,Z
Oregon,ORE-0009,1,61,13,2,0,4,0,21,1,2,2,I,1,1,1,C
Oregon,ORE-0010,3,31,12,1,5,6,0,12,1,1,1,E,4,1,2,C
Oregon,ORE-0011,3,99,11,3,13,4,3,13,1,1,1,E,2,1,1,C
Oregon,ORE-0012,3,21,71,2,22,5,4,21,1,2,1,E,3,1,1,A
Oregon,ORE-0013,7,71,31,3,2,4,0,15,1,2,2,E,4,2,1,C
Oregon,ORE-0014,1,92,14,1,0,2,0,14,3,2,1,B,2,1,2,C
Oregon,ORE-0015,5,91,51,3,5,1,3,21,1,2,1,C,5,2,1,B
Oregon,ORE-0016,4,81,42,2,7,1,4,12,1,1,2,D,3,2,1,B
Oregon,ORE-0017,2,91,14,2,0,6,0,12,2,1,2,B,3,1,1,Z
Oregon,ORE-0018,3,12,14,3,5,2,4,12,1,1,2,G,2,1,2,C
Oregon,ORE-0019,6,99,81,3,9,3,4,14,1,2,2,Z,4,2,2,Z
Oregon,ORE-0020,4,14,71,2,18,1,0,14,2,2,2,C,4,2,1,A
Oregon,ORE-0021,4,41,42,3,1,6,2,23,1,2,1,E,3,2,1,Z
Oregon,ORE-0022,4,42,81,3,28,1,1,21,2,2,2,B,5,2,2,A
Oregon,ORE-0023,8,32,41,2,0,6,0,11,1,1,2,G,4,2,1,A
Oregon,ORE-0024,8,12,42,2,0,3,0,15,3,2,1,A,1,2,1,A
Oregon,ORE-0025,3,51,99,2,14,3,0,14,2,2,1,Z,5,1,1,C
Oregon,ORE-0026,5,13,81,3,6,6,1,14,2,2,2,C,9,2,1,C
Poblacion,POB-0001,3,99,72,3,7,3,5,12,2,1,1,D,4,1,1,Z
Poblacion,POB-0002,3,11,32,2,8,3,1,15,3,2,1,H,2,1,1,Z
Poblacion,POB-0003,4,71,11,2,13,3,3,13,1,1,2,E,2,2,2,Z
Poblacion,POB-0004,1,81,72,2,0,3,0,21,3,2,1,G,9,1,2,C
Poblacion,POB-0005,3,42,42,1,15,5,5,15,3,2,2,A,3,1,2,C
Poblacion,POB-0006,6,72,41,3,30,5,1,15,3,2,2,H,4,2,1,B
Poblacion,POB-0007,3,21,72,3,22,1,4,22,2,2,2,H,4,1,2,Z
Poblacion,POB-0008,4,61,31,1,15,3,4,13,3,1,1,B,4,2,2,Z
Poblacion,POB-0009,7,72,99,2,29,6,3,12,3,1,1,Z,2,2,2,A
Poblacion,POB-0010,3,31,99,1,10,5,3,13,1,1,2,A,3,1,1,Z
Poblacion,POB-0011,6,91,61,2,22,5,3,15,1,2,1,C,1,2,1,C
Poblacion,POB-0012,1,91,11,3,0,3,0,15,3,2,1,B,4,1,1,C
Poblacion,POB-0013,8,41,32,1,0,6,0,31,3,2,2,E,4,2,2,B
Poblacion,POB-0014,7,21,91,3,28,3,5,15,1,2,2,F,5,2,1,C
Poblacion,POB-0015,6,61,13,3,2,4,3,21,1,2,1,Z,4,2,1,C
Poblacion,POB-0016,2,99,51,1,0,6,0,13,3,1,2,B,4,1,1,C
Poblacion,POB-0017,2,14,81,2,0,1,0,13,1,1,2,C,1,1,1,Z
Poblacion,POB-0018,2,51,99,3,0,3,0,14,2,2,1,A,9,1,1,C
Poblacion,POB-0019,3,91,21,2,23,2,5,14,3,2,1,B,4,1,2,B
Poblacion,POB-0020,6,92,32,2,8,1,5,31,2,2,2,D,4,2,2,B
Poblacion,POB-0021,7,42,51,2,13,5,2,14,1,2,2,B,1,2,2,A
Poblacion,POB-0022,3,14,71,2,4,3,1,11,1,1,1,A,4,1,1,Z
Poblacion,POB-0023,5,91,71,2,12,1,3,11,3,1,2,H,2,2,1,C
Poblacion,POB-0024,5,72,72,2,27,2,1,22,3,2,2,F,5,2,2,B
Poblacion,POB-0025,4,51,11,2,27,5,1,15,2,2,2,D,9,2,1,A
Poblacion,POB-0026,7,41,21,3,7,6,2,12,2,1,1,D,3,2,1,A
Poblacion,POB-0027,2,91,11,1,0,3,0,22,1,2,1,D,5,1,1,C
Poblacion,POB-0028,1,11,12,1,0,3,0,11,1,1,1,F,1,1,1,C
Poblacion,POB-0029,5,21,21,3,11,1,2,15,3,2,2,C,3,2,1,B
Poblacion,POB-0030,4,11,21,1,12,5,0,13,2,1,1,Z,3,2,1,B
Poblacion,POB-0031,4,51,81,2,18,4,1,22,2,2,1,E,5,2,2,A
Poblacion,POB-0032,3,71,51,3,26,1,2,14,1,2,2,I,3,1,1,C
Poblacion,POB-0033,4,14,21,3,6,5,0,15,3,2,2,E,2,2,1,C
Poblacion,POB-0034,3,91,32,2,5,1,5,15,3,2,2,B,2,1,1,A
Poblacion,POB-0035,3,42,72,3,9,5,0,21,2,2,1,F,5,1,2,Z
Poblacion,POB-0036,7,72,71,3,13,6,2,21,1,2,1,H,1,2,2,A
Poblacion,POB-0037,2,72,72,2,0,2,0,23,2,2,2,A,9,1,2,C
Poblacion,POB-0038,6,13,31,1,10,6,2,11,3,1,2,G,3,2,1,B
Poblacion,POB-0039,4,72,81,1,6,6,2,11,1,1,1,I,9,2,1,A
Poblacion,POB-0040,3,41,21,1,5,3,4,12,3,1,1,G,5,1,1,Z
Poblacion,POB-0041,4,71,13,1,24,2,2,13,1,1,1,E,9,2,1,B
Poblacion,POB-0042,3,13,21,1,17,6,3,22,1,2,1,A,4,1,1,C
Poblacion,POB-0043,1,11,51,3,0,5,0,21,1,2,1,B,3,1,2,B
Poblacion,POB-0044,3,61,14,3,14,5,1,21,2,2,1,D,3,1,2,C
Poblacion,POB-0045,4,42,14,2,5,1,4,21,1,2,1,E,1,2,2,A
Poblacion,POB-0046,4,13,92,3,27,3,1,23,3,2,1,B,3,2,1,C
Poblacion,POB-0047,3,71,72,3,3,1,2,23,1,2,2,F,4,1,1,Z
Poblacion,POB-0048,1,99,91,2,0,2,0,14,2,2,1,B,1,1,1,C
Poblacion,POB-0049,3,14,13,1,24,5,2,14,3,2,2,Z,3,1,2,Z
Poblacion,POB-0050,4,12,51,1,16,4,2,21,3,2,1,I,3,2,1,C
Poblacion,POB-0051,5,81,72,2,13,5,1,14,2,2,1,A,2,2,1,B
Poblacion,POB-0052,4,71,99,3,6,4,2,14,1,2,1,E,5,2,1,B
Poblacion,POB-0053,2,81,92,3,0,5,0,15,2,2,1,E,3,1,1,A
Poblacion,POB-0054,3,32,42,3,4,4,0,15,2,2,2,C,4,1,1,C
Poblacion,POB-0055,6,41,91,2,10,6,1,14,2,2,2,C,9,2,2,C
Poblacion,POB-0056,6,21,11,3,16,3,5,21,3,2,2,C,5,2,2,C
Poblacion,POB-0057,6,11,42,1,7,1,4,15,1,2,1,A,9,2,1,B
Poblacion,POB-0058,4,12,99,2,0,3,2,14,1,2,2,C,2,2,1,B
Poblacion,POB-0059,4,51,32,3,4,3,4,31,2,2,2,A,4,2,2,B
Poblacion,POB-0060,3,14,14,2,3,3,0,23,3,2,1,H,5,1,1,Z
Poblacion,POB-0061,5,92,92,2,11,5,1,13,2,1,2,F,5,2,2,C
Poblacion,POB-0062,7,61,31,1,27,6,2,13,2,1,1,G,9,2,1,Z
Poblacion,POB-0063,2,11,42,3,0,4,0,12,3,1,2,F,1,1,2,C
Poblacion,POB-0064,5,92,21,2,17,6,5,14,2,2,1,E,3,2,1,Z
Poblacion,POB-0065,3,13,61,2,3,3,5,14,3,2,1,H,1,1,1,A
Poblacion,POB-0066,7,42,81,1,17,5,3,14,1,2,1,F,1,2,1,Z
Poblacion,POB-0067,5,11,61,2,28,1,4,15,2,2,2,A,1,2,1,A
Poblacion,POB-0068,2,91,41,3,0,2,0,23,2,2,2,E,5,1,1,A
Poblacion,POB-0069,8,21,81,2,0,2,0,12,2,1,1,E,1,2,1,Z
Poblacion,POB-0070,6,81,71,2,0,3,5,14,1,2,2,H,4,2,1,C
Poblacion,POB-0071,2,32,21,2,0,2,0,31,2,2,1,F,4,1,1,A
Poblacion,POB-0072,3,81,14,3,15,1,5,31,2,2,2,B,5,1,2,A
Poblacion,POB-0073,4,41,41,1,6,1,3,22,1,2,2,B,4,2,1,Z
Poblacion,POB-0074,6,99,71,2,5,3,3,11,2,1,2,F,1,2,1,A
Poblacion,POB-0075,7,14,41,2,16,2,5,12,1,1,2,B,9,2,1,Z
Poblacion,POB-0076,4,32,91,2,7,2,5,14,1,2,2,I,9,2,2,Z
Poblacion,POB-0077,8,42,42,3,0,3,0,14,1,2,1,D,4,2,1,Z
Poblacion,POB-0078,4,13,72,3,5,5,2,14,3,2,2,H,5,2,2,A
Poblacion,POB-0079,2,13,11,3,0,1,0,12,1,1,2,F,9,1,1,A
Poblacion,POB-0080,5,92,51,1,22,2,2,21,2,2,1,D,1,2,1,C
Poblacion,POB-0081,3,31,12,3,8,1,1,14,3,2,2,A,5,1,1,B
Poblacion,POB-0082,2,81,32,3,0,3,0,15,2,2,2,B,1,1,1,Z
Poblacion,POB-0083,7,91,71,3,15,4,4,14,2,2,2,B,1,2,1,B
Poblacion,POB-0084,1,21,81,2,0,5,0,14,1,2,2,I,9,1,1,B
Poblacion,POB-0085,1,12,14,1,0,1,0,15,2,2,1,E,5,1,2,B
Poblacion,POB-0086,8,99,11,1,0,6,0,15,1,2,1,H,3,2,1,A
Poblacion,POB-0087,5,31,21,2,6,6,3,14,2,2,1,A,9,2,1,C
Poblacion,POB-0088,4,31,12,1,12,5,2,31,2,2,2,E,1,2,1,A
Poblacion,POB-0089,4,32,14,3,0,4,4,21,2,2,2,Z,2,2,1,B
Poblacion,POB-0090,6,91,13,3,16,2,4,31,3,2,2,H,1,2,1,Z
Poblacion,POB-0091,4,42,31,3,6,1,0,14,2,2,2,Z,1,2,2,Z
Poblacion,POB-0092,4,13,72,1,8,1,1,12,3,1,1,D,9,2,1,C
Poblacion,POB-0093,5,13,81,2,17,4,2,23,3,2,1,G,3,2,1,B
Poblacion,POB-0094,5,21,32,3,11,1,1,23,1,2,1,D,2,2,2,A
Poblacion,POB-0095,3,72,31,3,3,6,0,23,1,2,2,D,4,1,2,B
Poblacion,POB-0096,4,11,51,1,0,4,2,12,2,1,1,B,4,2,2,A
Poblacion,POB-0097,5,99,14,1,6,5,5,14,3,2,1,E,4,2,1,A
Poblacion,POB-0098,3,99,72,1,21,4,2,12,1,1,1,D,4,1,1,Z
Poblacion,POB-0099,4,51,61,1,27,1,1,21,1,2,2,I,2,2,2,Z
Poblacion,POB-0100,3,14,21,2,19,3,0,13,1,1,2,A,9,1,1,B
Poblacion,POB-0101,4,91,99,1,1,2,5,15,2,2,1,G,1,2,1,A
Poblacion,POB-0102,2,14,92,3,0,5,0,13,3,1,1,H,2,1,2,C
Poblacion,POB-0103,7,32,32,2,30,2,1,23,2,2,2,F,2,2,2,A
Poblacion,POB-0104,6,51,21,2,24,3,5,31,2,2,2,I,3,2,2,A
Poblacion,POB-0105,7,21,31,3,3,5,1,12,3,1,2,E,4,2,1,B
Poblacion,POB-0106,3,99,71,1,11,5,3,22,2,2,1,F,4,1,1,A
Poblacion,POB-0107,5,41,11,2,4,5,1,15,1,2,1,D,2,2,2,C
Poblacion,POB-0108,5,31,11,3,3,6,3,14,3,2,2,C,9,2,2,C
Poblacion,POB-0109,4,81,21,2,9,1,4,15,1,2,2,I,2,2,2,Z
Poblacion,POB-0110,6,12,99,3,7,6,1,15,3,2,2,C,2,2,1,B
Poblacion,POB-0111,5,61,21,1,18,4,0,14,1,2,1,B,4,2,2,Z
Poblacion,POB-0112,2,99,13,1,0,1,0,15,2,2,1,F,5,1,2,B
Poblacion,POB-0113,8,92,13,3,0,4,0,15,1,2,2,I,9,2,1,C
Poblacion,POB-0114,4,14,11,1,18,6,1,31,3,2,2,H,3,2,2,B
Poblacion,POB-0115,4,13,11,2,29,5,4,21,2,2,2,H,2,2,2,Z
Poblacion,POB-0116,2,99,72,1,0,5,0,23,1,2,1,Z,4,1,2,A
Poblacion,POB-0117,5,13,41,3,8,1,0,12,3,1,1,H,5,2,2,C
Poblacion,POB-0118,3,41,32,1,6,2,2,23,1,2,2,F,1,1,1,A
Poblacion,POB-0119,6,32,71,3,12,3,5,21,2,2,1,I,1,2,1,A
Poblacion,POB-0120,5,99,92,1,27,1,0,15,2,2,2,C,3,2,2,B
Poblacion,POB-0121,3,91,51,3,16,2,1,13,1,1,2,D,1,1,1,Z
Poblacion,POB-0122,4,92,42,3,0,5,3,22,3,2,2,F,5,2,2,C
Poblacion,POB-0123,3,81,51,3,5,5,1,12,2,1,1,H,3,1,2,A
Poblacion,POB-0124,4,12,42,1,22,1,3,15,1,2,1,B,4,2,1,A
Pundaguitan,PUN-0001,4,14,99,2,21,4,3,12,2,1,2,C,5,2,2,B
Pundaguitan,PUN-0002,3,11,41,2,6,6,5,14,1,2,1,H,9,1,1,Z
Pundaguitan,PUN-0003,5,72,81,2,24,4,4,15,2,2,1,F,1,2,1,C
Pundaguitan,PUN-0004,2,51,71,3,0,5,0,22,1,2,2,A,4,1,1,Z
Pundaguitan,PUN-0005,3,12,51,3,11,5,3,11,2,1,1,F,2,1,2,A
Pundaguitan,PUN-0006,2,11,32,1,0,3,0,12,1,1,2,I,3,1,1,A
Pundaguitan,PUN-0007,3,92,61,1,13,1,2,14,1,2,2,E,3,1,1,C
Pundaguitan,PUN-0008,8,81,42,1,0,1,0,23,3,2,2,Z,4,2,2,C
Pundaguitan,PUN-0009,7,92,13,2,19,2,0,14,2,2,1,I,4,2,1,B
Pundaguitan,PUN-0010,5,21,13,3,8,2,0,21,3,2,1,H,3,2,1,C
Pundaguitan,PUN-0011,7,91,11,1,25,2,3,12,2,1,1,D,1,2,1,C
Pundaguitan,PUN-0012,2,31,71,3,0,4,0,31,3,2,2,D,1,1,1,C
Pundaguitan,PUN-0013,5,92,71,3,0,1,5,15,1,2,2,B,9,2,1,A
Pundaguitan,PUN-0014,6,72,61,2,20,3,1,14,1,2,1,B,3,2,1,C
Pundaguitan,PUN-0015,7,13,81,1,13,6,3,22,1,2,1,F,2,2,1,A
Pundaguitan,PUN-0016,6,11,72,2,30,6,1,15,2,2,1,Z,4,2,1,A
Pundaguitan,PUN-0017,7,32,81,1,22,6,1,14,2,2,1,A,3,2,2,C
Pundaguitan,PUN-0018,2,41,14,3,0,6,0,22,3,2,1,D,4,1,1,B
Pundaguitan,PUN-0019,6,81,92,1,3,1,0,15,3,2,2,A,9,2,2,Z
Pundaguitan,PUN-0020,4,72,92,3,29,1,3,15,1,2,1,Z,5,2,2,B
Pundaguitan,PUN-0021,4,92,42,3,2,4,5,14,3,2,1,H,3,2,1,B
Pundaguitan,PUN-0022,6,71,12,1,7,4,5,15,1,2,2,C,4,2,1,B
Pundaguitan,PUN-0023,5,11,41,1,18,6,0,15,1,2,1,A,9,2,1,Z
Pundaguitan,PUN-0024,7,11,42,2,1,4,3,21,1,2,2,H,9,2,2,B
Pundaguitan,PUN-0025,7,92,81,3,23,6,3,21,2,2,1,H,9,2,1,C
Pundaguitan,PUN-0026,4,42,72,3,2,5,2,21,3,2,1,B,5,2,1,B
Pundaguitan,PUN-0027,2,32,42,3,0,1,0,14,1,2,2,F,9,1,1,Z
Pundaguitan,PUN-0028,7,81,12,3,4,5,1,14,3,2,2,F,4,2,2,A
Pundaguitan,PUN-0029,5,92,11,1,7,5,4,14,3,2,1,I,3,2,1,A
Pundaguitan,PUN-0030,4,21,13,3,6,6,4,22,1,2,2,D,2,2,1,A
Pundaguitan,PUN-0031,5,51,42,2,6,6,4,22,2,2,1,Z,4,2,2,A
Pundaguitan,PUN-0032,4,99,72,3,1,5,1,13,2,1,2,A,3,2,1,B
Pundaguitan,PUN-0033,3,91,72,3,14,6,0,11,3,1,2,Z,3,1,1,C
Pundaguitan,PUN-0034,5,72,31,1,11,3,0,12,3,1,2,E,9,2,1,B
Pundaguitan,PUN-0035,5,41,42,3,21,3,0,15,3,2,1,D,1,2,1,Z
Pundaguitan,PUN-0036,2,14,21,1,0,5,0,21,3,2,2,B,9,1,1,A
Pundaguitan,PUN-0037,6,32,61,3,4,6,4,13,2,1,1,E,9,2,2,A
Pundaguitan,PUN-0038,3,81,21,1,23,3,4,11,3,1,1,H,9,1,2,C
Pundaguitan,PUN-0039,4,51,13,1,24,3,0,23,2,2,2,B,2,2,2,C
Pundaguitan,PUN-0040,4,99,99,3,0,6,5,15,1,2,2,E,9,2,1,Z
Pundaguitan,PUN-0041,6,99,21,3,24,3,1,13,2,1,1,A,9,2,1,B
Pundaguitan,PUN-0042,4,99,13,3,25,5,2,22,2,2,1,G,4,2,2,B
Pundaguitan,PUN-0043,5,41,13,2,7,6,1,22,2,2,2,E,4,2,1,A
Pundaguitan,PUN-0044,5,31,72,3,28,3,1,14,1,2,2,F,9,2,1,Z
Pundaguitan,PUN-0045,7,42,11,1,3,4,3,14,2,2,2,D,1,2,1,C
Pundaguitan,PUN-0046,4,21,92,2,3,3,3,14,3,2,2,B,5,2,2,A
Pundaguitan,PUN-0047,3,72,42,2,22,4,3,15,1,2,1,I,4,1,1,B
Pundaguitan,PUN-0048,6,32,14,1,4,6,5,22,3,2,2,F,9,2,2,Z
Pundaguitan,PUN-0049,3,71,12,1,19,2,3,15,2,2,1,H,5,1,1,B
Pundaguitan,PUN-0050,4,41,72,2,17,6,0,15,1,2,2,Z,5,2,1,B
Pundaguitan,PUN-0051,2,21,32,1,0,5,0,14,2,2,1,B,2,1,1,A
Pundaguitan,PUN-0052,2,51,81,3,0,5,0,15,1,2,1,C,1,1,2,A
Pundaguitan,PUN-0053,3,71,21,1,21,4,0,15,3,2,1,H,5,1,2,Z
Pundaguitan,PUN-0054,8,11,92,3,0,4,0,22,1,2,2,I,5,2,1,Z
Sergio Osmeña,SER-0001,7,11,99,3,27,4,5,15,3,2,1,E,3,2,2,A
Sergio Osmeña,SER-0002,2,92,11,2,0,3,0,21,2,2,2,C,2,1,2,C
Sergio Osmeña,SER-0003,3,92,42,1,1,5,0,14,3,2,1,C,3,1,1,Z
Sergio Osmeña,SER-0004,3,99,14,1,7,6,4,15,3,2,1,G,1,1,1,Z
Sergio Osmeña,SER-0005,3,61,71,2,0,4,3,15,3,2,1,E,3,1,1,Z
Sergio Osmeña,SER-0006,4,42,51,1,3,1,1,21,1,2,2,C,2,2,1,C
Sergio Osmeña,SER-0007,3,31,41,3,2,4,2,13,3,1,2,I,9,1,2,B
Sergio Osmeña,SER-0008,4,51,91,3,29,5,4,13,1,1,2,G,9,2,1,Z
Sergio Osmeña,SER-0009,2,14,14,3,0,6,0,31,1,2,1,C,5,1,2,B
Sergio Osmeña,SER-0010,2,31,71,2,0,4,0,15,2,2,1,B,4,1,1,B
Sergio Osmeña,SER-0011,7,72,13,1,17,3,4,23,3,2,2,A,5,2,1,A
Sergio Osmeña,SER-0012,4,81,11,2,9,1,0,21,1,2,2,C,9,2,1,A
Sergio Osmeña,SER-0013,2,91,11,1,0,6,0,12,2,1,2,H,9,1,1,Z
Sergio Osmeña,SER-0014,4,31,72,3,3,3,5,14,3,2,2,E,4,2,1,C
Sergio Osmeña,SER-0015,7,81,81,3,3,6,5,21,1,2,2,C,9,2,1,Z
Sergio Osmeña,SER-0016,7,72,92,2,2,5,3,31,3,2,2,G,4,2,1,Z
Sergio Osmeña,SER-0017,3,12,61,2,14,4,4,13,3,1,2,G,9,1,1,C
Sergio Osmeña,SER-0018,4,51,71,1,26,2,5,23,1,2,2,B,5,2,1,B
Sergio Osmeña,SER-0019,2,32,42,1,0,5,0,23,2,2,1,I,4,1,1,Z
Sergio Osmeña,SER-0020,2,21,12,1,0,6,0,13,1,1,1,C,9,1,1,Z
Sergio Osmeña,SER-0021,3,13,13,2,11,6,2,15,1,2,2,G,3,1,2,C
Sergio Osmeña,SER-0022,5,81,14,1,25,6,0,23,3,2,2,F,2,2,2,B
Sergio Osmeña,SER-0023,2,41,31,3,0,2,0,14,2,2,2,D,9,1,1,B
Sergio Osmeña,SER-0024,6,42,71,3,20,1,1,14,1,2,1,A,2,2,1,A
Sergio Osmeña,SER-0025,7,91,13,3,26,3,1,12,1,1,1,C,5,2,1,A
Sergio Osmeña,SER-0026,6,71,81,1,17,3,0,14,1,2,2,I,9,2,1,Z
Sergio Osmeña,SER-0027,4,11,81,3,27,6,0,22,2,2,1,B,3,2,1,Z
Sergio Osmeña,SER-0028,5,12,61,1,11,5,4,21,1,2,1,E,3,2,2,A
Sergio Osmeña,SER-0029,8,99,41,1,0,2,0,12,3,1,1,I,1,2,1,B
Sergio Osmeña,SER-0030,6,31,72,3,27,3,3,15,3,2,2,A,9,2,1,A
Sergio Osmeña,SER-0031,7,71,72,1,6,2,0,22,2,2,2,D,2,2,1,Z
Sergio Osmeña,SER-0032,1,72,21,1,0,5,0,14,2,2,2,D,9,1,1,A
Sergio Osmeña,SER-0033,7,13,13,2,28,1,5,23,1,2,2,I,9,2,2,A
Sergio Osmeña,SER-0034,5,12,32,3,8,5,3,15,3,2,2,G,4,2,2,Z
Sergio Osmeña,SER-0035,4,13,11,3,26,5,0,14,2,2,1,Z,9,2,2,A
Sergio Osmeña,SER-0036,3,21,51,3,2,5,5,14,1,2,2,I,1,1,1,C
Sergio Osmeña,SER-0037,5,32,21,2,23,6,0,14,1,2,2,F,3,2,1,C
Sergio Osmeña,SER-0038,4,71,32,3,2,2,4,15,3,2,2,F,4,2,1,B
Sergio Osmeña,SER-0039,1,12,81,3,0,6,0,12,2,1,1,E,3,1,1,A
Sergio Osmeña,SER-0040,3,71,11,3,28,2,3,13,3,1,1,B,3,1,1,B
Sergio Osmeña,SER-0041,4,71,91,2,7,3,3,13,1,1,2,E,2,2,1,A
Sergio Osmeña,SER-0042,1,31,14,3,0,4,0,22,1,2,2,H,9,1,2,C
Sergio Osmeña,SER-0043,1,11,21,3,0,2,0,21,2,2,1,B,9,1,1,B
Surop,SUR-0001,8,91,12,3,0,1,0,15,2,2,2,A,4,2,1,C
Surop,SUR-0002,2,81,31,2,0,3,0,31,1,2,1,I,2,1,2,C
Surop,SUR-0003,3,42,42,2,25,4,0,14,2,2,2,F,9,1,1,Z
Surop,SUR-0004,6,92,41,3,9,5,0,21,3,2,1,B,1,2,1,B
Surop,SUR-0005,4,41,32,1,24,6,5,14,2,2,2,G,5,2,1,A
Surop,SUR-0006,3,31,31,3,20,3,0,23,2,2,1,B,3,1,1,B
Surop,SUR-0007,6,41,71,2,24,1,4,15,2,2,2,Z,3,2,1,A
Surop,SUR-0008,5,71,31,2,23,2,4,15,1,2,1,Z,9,2,2,B
Surop,SUR-0009,8,11,31,2,0,1,0,15,2,2,1,B,4,2,2,B
Surop,SUR-0010,6,41,61,1,4,4,0,31,2,2,1,D,1,2,2,A
Surop,SUR-0011,3,11,61,3,23,6,0,22,2,2,2,E,5,1,2,A
Surop,SUR-0012,3,13,99,3,10,1,2,15,1,2,2,B,1,1,1,C
Surop,SUR-0013,5,92,13,3,8,5,2,11,1,1,1,E,1,2,1,C
Surop,SUR-0014,4,12,72,3,11,6,1,15,1,2,1,I,3,2,1,Z
Surop,SUR-0015,4,51,14,1,17,4,2,21,3,2,2,B,4,2,1,C
Surop,SUR-0016,3,11,91,1,23,3,0,15,1,2,2,G,2,1,2,Z
Surop,SUR-0017,3,14,31,3,8,2,3,12,2,1,2,G,2,1,1,A
Surop,SUR-0018,2,92,61,3,0,5,0,13,2,1,1,C,2,1,2,Z
Surop,SUR-0019,6,71,31,1,11,4,1,13,2,1,1,B,3,2,1,B
Surop,SUR-0020,4,32,71,1,18,2,4,23,2,2,2,F,4,2,1,C
Surop,SUR-0021,4,51,61,2,7,6,3,14,1,2,2,A,4,2,1,B
Surop,SUR-0022,7,72,11,1,16,2,4,21,3,2,2,C,9,2,1,B
Surop,SUR-0023,3,14,42,3,14,4,2,11,2,1,1,D,3,1,1,Z
Surop,SUR-0024,5,99,99,3,17,4,2,22,2,2,2,C,3,2,2,C
Surop,SUR-0025,3,11,11,2,11,1,0,23,2,2,1,E,2,1,1,A
Surop,SUR-0026,2,99,21,1,0,2,0,15,2,2,2,B,1,1,1,B
Surop,SUR-0027,7,71,41,2,6,6,3,14,2,2,2,H,2,2,1,Z
Surop,SUR-0028,3,92,14,1,30,2,2,31,3,2,1,A,9,1,2,C
Surop,SUR-0029,4,71,11,3,9,2,2,12,1,1,1,A,5,2,2,B
Surop,SUR-0030,3,61,72,2,1,2,0,15,1,2,2,A,3,1,1,Z
Surop,SUR-0031,3,51,51,1,19,3,4,14,1,2,1,H,9,1,1,Z
Surop,SUR-0032,5,99,31,1,1,6,0,15,3,2,1,Z,3,2,1,B
Surop,SUR-0033,2,51,11,2,0,2,0,12,1,1,2,H,5,1,1,Z
Surop,SUR-0034,5,13,14,1,6,3,2,22,2,2,2,E,4,2,2,A
Surop,SUR-0035,3,81,99,1,11,4,0,14,2,2,1,Z,2,1,2,C
Surop,SUR-0036,4,32,41,3,19,1,2,22,1,2,1,Z,5,2,1,B
Surop,SUR-0037,4,14,12,3,26,4,0,12,1,1,1,B,2,2,1,C
Surop,SUR-0038,3,31,14,3,16,1,1,12,2,1,2,G,1,1,1,C
Surop,SUR-0039,6,12,61,1,30,4,1,12,2,1,2,F,3,2,2,C
Surop,SUR-0040,4,31,13,2,20,3,1,21,3,2,2,G,4,2,1,C
Surop,SUR-0041,4,71,81,1,25,4,0,22,1,2,2,I,1,2,2,C
Surop,SUR-0042,1,99,12,1,0,2,0,11,1,1,1,C,5,1,1,A
Surop,SUR-0043,5,21,31,3,18,1,2,31,3,2,1,A,3,2,1,Z
Surop,SUR-0044,3,13,61,3,12,4,0,15,3,2,2,E,1,1,2,Z
Surop,SUR-0045,3,99,99,2,28,3,0,14,1,2,1,B,9,1,1,Z
Surop,SUR-0046,4,71,32,2,12,4,2,22,3,2,2,F,5,2,1,Z
Surop,SUR-0047,6,61,31,2,16,6,1,13,1,1,2,Z,1,2,1,Z
Surop,SUR-0048,2,99,11,2,0,6,0,11,1,1,1,I,1,1,2,B
Surop,SUR-0049,7,42,14,3,12,6,2,12,1,1,2,G,4,2,1,B
Surop,SUR-0050,3,91,81,2,17,2,1,14,2,2,2,B,9,1,2,C
Surop,SUR-0051,4,91,32,2,27,1,2,14,3,2,1,G,2,2,2,C
Surop,SUR-0052,3,32,41,2,15,5,0,13,2,1,1,D,9,1,1,A
Surop,SUR-0053,7,81,13,2,19,1,2,11,3,1,1,A,9,2,1,Z
Surop,SUR-0054,7,91,12,1,6,6,3,11,3,1,2,I,1,2,1,C
Surop,SUR-0055,4,32,72,3,22,5,5,22,3,2,2,B,4,2,2,B
Surop,SUR-0056,2,41,81,3,0,1,0,22,3,2,2,A,5,1,1,C
Surop,SUR-0057,4,51,71,1,4,3,0,21,1,2,1,G,4,2,1,C
Surop,SUR-0058,2,31,92,3,0,6,0,23,3,2,2,H,5,1,2,A
Tagabebe,TAG-0001,5,42,11,3,5,4,3,22,3,2,1,A,1,2,1,Z
Tagabebe,TAG-0002,7,14,72,2,9,5,3,12,3,1,2,F,1,2,1,A
Tagabebe,TAG-0003,4,99,92,3,15,2,2,23,3,2,1,A,5,2,2,B
Tagabebe,TAG-0004,6,51,81,2,12,5,5,15,1,2,2,C,4,2,1,B
Tagabebe,TAG-0005,7,13,42,2,1,3,3,12,3,1,1,G,2,2,1,A
Tagabebe,TAG-0006,8,42,11,1,0,6,0,23,3,2,1,B,4,2,2,Z
Tagabebe,TAG-0007,8,31,21,2,0,6,0,14,1,2,2,B,1,2,2,A
Tagabebe,TAG-0008,3,61,13,3,14,4,4,14,1,2,2,D,5,1,1,A
Tagabebe,TAG-0009,4,51,92,2,29,4,5,23,3,2,2,F,9,2,2,C
Tagabebe,TAG-0010,4,13,71,1,14,3,4,14,2,2,2,E,9,2,2,B
Tagabebe,TAG-0011,4,99,71,2,6,4,1,11,1,1,2,Z,5,2,1,C
Tagabebe,TAG-0012,4,32,21,1,12,2,1,12,2,1,1,I,5,2,2,B
Tagabebe,TAG-0013,4,12,72,2,7,6,4,12,2,1,1,G,3,2,1,A
Tagabebe,TAG-0014,2,12,42,2,0,5,0,22,3,2,2,H,5,1,1,C
Tagabebe,TAG-0015,1,72,31,1,0,3,0,12,1,1,2,D,5,1,1,Z
Tagabebe,TAG-0016,7,61,41,3,16,3,2,21,1,2,1,E,5,2,2,Z
Tagabebe,TAG-0017,8,11,81,1,0,5,0,22,2,2,2,G,3,2,1,B
Tagabebe,TAG-0018,3,71,61,2,11,6,1,21,1,2,1,C,2,1,1,B
Tagabebe,TAG-0019,5,14,41,2,5,5,3,15,1,2,2,F,2,2,1,B
Tagabebe,TAG-0020,7,71,11,2,6,5,2,21,1,2,2,F,2,2,1,B
Tagabebe,TAG-0021,4,61,71,3,25,2,4,14,3,2,1,F,3,2,1,A
Tagabebe,TAG-0022,6,14,31,3,23,6,5,12,2,1,1,H,9,2,2,B
Tagabebe,TAG-0023,5,91,91,2,18,3,2,14,1,2,2,H,5,2,2,Z
Tagabebe,TAG-0024,3,71,91,1,8,5,1,12,2,1,1,I,3,1,2,B
Tagabebe,TAG-0025,7,13,61,2,28,1,1,11,1,1,1,I,9,2,1,Z
Tagabebe,TAG-0026,4,13,61,3,2,4,3,31,1,2,1,A,1,2,2,A
Tagabebe,TAG-0027,3,81,41,2,3,4,0,23,2,2,1,F,4,1,1,B
Tagabebe,TAG-0028,3,11,13,3,7,2,3,14,3,2,1,F,5,1,2,A
Tagabebe,TAG-0029,6,51,32,1,0,2,1,21,3,2,1,I,3,2,1,C
Tagabebe,TAG-0030,3,14,72,2,0,6,5,15,2,2,1,G,5,1,1,A
Tagabebe,TAG-0031,3,61,51,2,1,5,0,11,3,1,2,G,5,1,1,B
Tagabebe,TAG-0032,4,99,31,1,29,5,0,14,3,2,1,F,4,2,2,B
Tagabebe,TAG-0033,1,32,92,1,0,2,0,21,3,2,2,F,5,1,1,C
Tagabebe,TAG-0034,3,31,51,1,1,2,5,23,2,2,2,I,1,1,1,Z
Tagabebe,TAG-0035,4,61,99,1,24,1,0,22,3,2,2,F,1,2,1,Z
Tagabebe,TAG-0036,5,41,41,1,21,4,2,21,2,2,1,F,9,2,1,C
Tagabebe,TAG-0037,4,31,61,3,23,3,4,12,3,1,2,H,9,2,1,A
Tagabebe,TAG-0038,2,21,42,1,0,6,0,13,1,1,2,I,5,1,1,B
Tagabebe,TAG-0039,4,51,92,3,28,2,0,31,3,2,1,F,5,2,1,C
Tagabebe,TAG-0040,6,92,21,2,3,1,3,23,1,2,2,H,3,2,2,A
Tagabebe,TAG-0041,5,71,92,2,8,1,2,13,2,1,2,I,5,2,2,Z
Tagabebe,TAG-0042,4,32,99,1,30,2,2,12,3,1,2,F,5,2,2,A
Tagabebe,TAG-0043,5,32,31,1,6,3,4,15,3,2,1,D,2,2,1,Z
Tagabebe,TAG-0044,7,32,12,3,11,3,1,13,3,1,1,D,1,2,1,C
Tagabebe,TAG-0045,3,99,14,1,7,1,4,15,1,2,1,H,3,1,1,C
Tagabebe,TAG-0046,5,11,21,1,14,4,3,12,3,1,2,I,9,2,1,C
Tagabebe,TAG-0047,7,31,71,1,7,5,4,31,2,2,2,D,2,2,1,C
Tamban,TAM-0001,4,51,91,3,29,4,2,14,3,2,1,I,9,2,1,A
Tamban,TAM-0002,3,61,81,3,30,2,3,15,1,2,1,H,2,1,1,Z
Tamban,TAM-0003,6,13,72,2,26,5,2,14,2,2,2,B,2,2,1,A
Tamban,TAM-0004,7,71,21,1,29,1,2,14,3,2,1,I,2,2,1,C
Tamban,TAM-0005,4,91,99,2,6,1,0,12,2,1,2,E,9,2,2,A
Tamban,TAM-0006,5,71,21,3,10,2,1,22,3,2,1,B,4,2,1,C
Tamban,TAM-0007,5,42,99,2,9,4,1,15,1,2,1,I,1,2,2,B
Tamban,TAM-0008,4,14,42,3,12,4,3,14,3,2,1,D,2,2,1,C
Tamban,TAM-0009,3,71,81,2,27,5,3,13,3,1,2,C,2,1,1,Z
Tamban,TAM-0010,5,42,72,2,9,6,5,21,2,2,2,B,5,2,2,C
Tamban,TAM-0011,5,32,92,1,11,3,4,23,3,2,1,B,1,2,2,B
Tamban,TAM-0012,3,32,81,3,10,5,0,15,1,2,1,E,1,1,1,C
Tamban,TAM-0013,5,99,41,2,9,6,4,14,3,2,2,B,4,2,2,C
Tamban,TAM-0014,7,11,14,3,7,2,4,22,2,2,2,Z,2,2,2,B
Tamban,TAM-0015,3,12,42,2,8,6,5,11,1,1,2,H,1,1,1,A
Tamban,TAM-0016,3,72,13,1,17,1,3,13,2,1,2,Z,2,1,1,C
Tamban,TAM-0017,5,92,41,1,20,1,3,22,2,2,2,D,9,2,1,A
Tamban,TAM-0018,4,72,51,2,5,6,0,15,3,2,1,E,9,2,1,C
Tamban,TAM-0019,4,99,72,2,13,3,4,13,3,1,2,C,3,2,2,A
Tamban,TAM-0020,4,12,41,1,22,4,2,22,1,2,1,H,3,2,1,B
Tamban,TAM-0021,5,13,71,1,22,2,5,31,2,2,1,I,4,2,2,C
Tamban,TAM-0022,4,91,13,2,1,2,5,15,2,2,2,G,3,2,1,C
Tamban,TAM-0023,7,72,14,3,28,2,4,15,1,2,2,H,2,2,1,Z
Tamban,TAM-0024,1,99,92,2,0,2,0,21,1,2,1,B,9,1,2,C
Tamban,TAM-0025,5,42,31,2,30,1,1,15,1,2,1,E,3,2,1,Z
Tamban,TAM-0026,7,61,72,2,26,2,0,11,2,1,1,Z,9,2,1,Z
Tamban,TAM-0027,4,61,12,1,11,2,1,12,2,1,1,B,2,2,2,B
Tamban,TAM-0028,8,51,99,2,0,6,0,14,3,2,1,B,2,2,1,A
Tamban,TAM-0029,7,72,71,2,18,6,4,14,2,2,2,F,5,2,1,C
Tamban,TAM-0030,5,92,11,2,0,4,1,11,2,1,2,D,1,2,1,B
Tamban,TAM-0031,4,92,14,1,24,4,1,11,1,1,2,I,5,2,1,C
Tamban,TAM-0032,7,14,72,2,3,1,4,21,1,2,1,G,3,2,1,C
Tamban,TAM-0033,5,91,51,2,22,5,3,21,2,2,2,E,5,2,1,A
Tamban,TAM-0034,2,41,61,1,0,2,0,22,1,2,1,H,3,1,1,Z
Tamban,TAM-0035,6,32,92,3,11,6,4,31,1,2,2,I,3,2,1,B
Tamban,TAM-0036,3,51,21,3,30,2,3,12,2,1,1,B,9,1,1,A
Tandang Sora,TAN-0001,4,11,12,2,12,4,2,15,1,2,2,I,1,2,1,C
Tandang Sora,TAN-0002,5,71,81,1,1,4,2,14,3,2,1,E,5,2,2,B
Tandang Sora,TAN-0003,4,14,92,1,8,1,3,21,1,2,1,A,1,2,1,Z
Tandang Sora,TAN-0004,6,21,72,1,19,2,2,31,1,2,2,H,5,2,1,A
Tandang Sora,TAN-0005,4,12,14,2,4,2,1,21,3,2,2,G,2,2,1,B
Tandang Sora,TAN-0006,5,41,71,1,29,5,4,22,2,2,2,A,5,2,1,C
Tandang Sora,TAN-0007,3,14,71,1,29,3,3,22,1,2,1,H,9,1,2,C
Tandang Sora,TAN-0008,5,99,14,1,9,1,4,21,3,2,1,D,5,2,1,B
Tandang Sora,TAN-0009,1,31,31,1,0,4,0,15,2,2,1,F,3,1,1,Z
Tandang Sora,TAN-0010,4,32,14,3,23,4,3,14,2,2,2,D,2,2,1,A
Tandang Sora,TAN-0011,3,72,41,2,5,6,0,22,1,2,2,C,4,1,1,B
Tandang Sora,TAN-0012,4,51,91,1,4,3,3,23,3,2,1,F,4,2,1,Z
Tandang Sora,TAN-0013,6,14,72,3,12,1,2,14,2,2,2,A,5,2,2,Z
Tandang Sora,TAN-0014,2,51,71,1,0,4,0,15,3,2,2,H,5,1,1,C
Tandang Sora,TAN-0015,4,41,51,2,12,5,2,13,1,1,1,C,2,2,1,B
Tandang Sora,TAN-0016,8,32,91,2,0,4,0,23,1,2,1,I,2,2,1,C
Tandang Sora,TAN-0017,4,21,12,1,27,4,4,11,1,1,2,Z,2,2,1,B
Tandang Sora,TAN-0018,4,14,11,2,11,6,0,13,3,1,1,D,1,2,1,A
Tandang Sora,TAN-0019,5,72,72,3,25,4,2,13,3,1,2,H,1,2,2,B
Tandang Sora,TAN-0020,4,81,72,3,25,6,4,12,1,1,2,G,1,2,1,C
Tandang Sora,TAN-0021,6,92,31,1,27,3,5,12,3,1,1,H,9,2,1,B
Tandang Sora,TAN-0022,8,32,42,3,0,2,0,15,2,2,1,Z,5,2,1,C
Tandang Sora,TAN-0023,2,91,42,1,0,4,0,22,3,2,1,G,5,1,2,A
Tandang Sora,TAN-0024,2,13,21,1,0,6,0,23,2,2,1,D,9,1,2,A
Tandang Sora,TAN-0025,4,72,72,2,22,1,1,21,2,2,1,H,1,2,2,B
Tandang Sora,TAN-0026,3,41,32,2,13,4,0,12,2,1,1,G,2,1,1,B
Tandang Sora,TAN-0027,2,92,21,1,0,6,0,21,3,2,1,A,1,1,2,B
Tandang Sora,TAN-0028,6,71,13,1,2,6,5,22,3,2,2,A,2,2,2,C
Tandang Sora,TAN-0029,5,31,91,1,1,5,4,21,1,2,2,H,5,2,1,C
Tandang Sora,TAN-0030,2,61,31,1,0,2,0,13,1,1,1,D,1,1,1,B
Tandang Sora,TAN-0031,4,91,32,1,27,4,2,12,2,1,1,H,1,2,1,A
Tandang Sora,TAN-0032,5,71,72,2,18,4,1,12,1,1,2,E,2,2,2,A
Tandang Sora,TAN-0033,2,99,42,3,0,1,0,21,1,2,2,Z,4,1,2,B
Tandang Sora,TAN-0034,3,72,11,2,9,4,1,15,3,2,1,A,9,1,1,C
Tibanban,TIB-0001,2,99,12,1,0,5,0,15,3,2,2,Z,5,1,1,C
Tibanban,TIB-0002,2,91,81,3,0,3,0,31,3,2,2,D,1,1,1,C
Tibanban,TIB-0003,4,42,81,3,15,1,3,15,2,2,1,D,3,2,1,Z
Tibanban,TIB-0004,5,61,72,3,5,2,5,21,2,2,2,H,9,2,1,B
Tibanban,TIB-0005,8,92,42,3,0,5,0,15,3,2,1,D,1,2,1,A
Tibanban,TIB-0006,4,14,21,3,0,6,1,12,1,1,1,Z,5,2,1,C
Tibanban,TIB-0007,3,99,11,1,0,6,4,14,3,2,2,C,1,1,2,B
Tibanban,TIB-0008,5,11,12,1,23,2,0,14,2,2,1,C,1,2,1,Z
Tibanban,TIB-0009,1,21,99,1,0,1,0,12,1,1,2,H,5,1,2,C
Tibanban,TIB-0010,6,41,51,3,9,3,2,23,1,2,1,H,9,2,1,Z
Tibanban,TIB-0011,1,61,14,3,0,5,0,11,2,1,1,H,4,1,2,B
Tibanban,TIB-0012,7,51,12,2,7,1,0,15,2,2,2,G,5,2,1,Z
Tibanban,TIB-0013,5,41,14,1,17,5,0,15,2,2,1,B,9,2,2,Z
Tibanban,TIB-0014,5,99,99,1,23,1,0,11,3,1,1,G,2,2,2,B
Tibanban,TIB-0015,8,21,99,3,0,6,0,14,1,2,2,D,9,2,1,Z
Tibanban,TIB-0016,4,42,51,3,15,4,3,22,3,2,2,F,3,2,1,C
Tibanban,TIB-0017,1,91,91,1,0,4,0,15,1,2,2,F,2,1,1,A
Tibanban,TIB-0018,3,12,32,3,3,5,4,23,2,2,1,H,2,1,1,B
Tibanban,TIB-0019,7,51,32,1,19,5,1,14,1,2,1,F,4,2,1,Z
Tibanban,TIB-0020,2,81,99,3,0,3,0,12,3,1,1,G,2,1,2,B
Tibanban,TIB-0021,6,71,14,3,18,4,0,22,3,2,1,A,9,2,1,B
Tibanban,TIB-0022,3,81,81,1,17,4,1,22,1,2,2,E,5,1,1,A
Tibanban,TIB-0023,4,12,13,3,2,6,0,22,3,2,1,E,5,2,1,Z
Tibanban,TIB-0024,6,13,42,2,7,2,2,12,3,1,2,C,4,2,1,B
Tibanban,TIB-0025,6,51,12,3,26,4,2,15,3,2,1,B,3,2,2,C
Tibanban,TIB-0026,5,91,72,1,0,2,5,23,3,2,2,A,5,2,2,B
Tibanban,TIB-0027,4,21,81,2,21,3,2,12,1,1,2,E,2,2,1,Z
Tibanban,TIB-0028,3,41,61,3,22,2,3,12,2,1,2,C,3,1,1,B
Tibanban,TIB-0029,4,81,13,3,12,5,5,22,2,2,1,C,1,2,2,A
Tibanban,TIB-0030,4,32,41,2,2,6,5,15,1,2,1,F,4,2,1,Z
Tibanban,TIB-0031,7,31,13,1,16,6,5,23,1,2,1,E,5,2,1,A
Tibanban,TIB-0032,3,81,72,2,22,6,1,23,1,2,1,A,4,1,2,C
Tibanban,TIB-0033,7,32,72,2,18,4,0,21,3,2,1,D,1,2,1,C
Tibanban,TIB-0034,6,99,32,2,28,2,0,23,1,2,1,G,5,2,1,Z
Tibanban,TIB-0035,2,42,42,2,0,1,0,12,2,1,1,Z,9,1,1,C
Tibanban,TIB-0036,4,12,71,3,7,2,2,14,2,2,2,Z,4,2,2,Z
Tibanban,TIB-0037,7,71,99,3,17,1,2,13,3,1,2,H,1,2,1,Z
Tibanban,TIB-0038,5,32,41,1,9,5,0,12,3,1,1,H,4,2,1,A
Tibanban,TIB-0039,4,91,21,1,22,3,2,23,1,2,1,G,1,2,2,A
Tibanban,TIB-0040,6,72,41,2,21,5,2,12,2,1,2,B,5,2,1,B
Tibanban,TIB-0041,1,72,32,2,0,4,0,14,2,2,1,C,9,1,1,B
Tibanban,TIB-0042,5,61,81,3,11,3,5,31,3,2,2,E,5,2,1,C
Tibanban,TIB-0043,3,61,92,2,29,2,1,14,3,2,1,H,5,1,1,B
Tibanban,TIB-0044,3,31,51,2,13,2,0,15,1,2,2,B,1,1,1,B
Tibanban,TIB-0045,4,13,13,1,12,3,5,11,1,1,2,B,2,2,1,Z
Tibanban,TIB-0046,2,71,41,2,0,5,0,23,2,2,1,H,2,1,1,Z
Tibanban,TIB-0047,4,61,13,1,9,5,0,22,3,2,2,Z,1,2,1,Z
Tibanban,TIB-0048,4,91,14,1,14,3,0,31,2,2,2,E,4,2,1,A
Tibanban,TIB-0049,6,42,42,1,3,2,4,11,2,1,2,H,4,2,1,C
Tibanban,TIB-0050,4,42,91,2,28,2,2,31,3,2,2,H,5,2,2,Z
Tibanban,TIB-0051,8,51,92,2,0,2,0,21,2,2,1,H,9,2,1,A
Tibanban,TIB-0052,4,14,81,3,7,4,1,12,2,1,2,D,9,2,1,C
Tibanban,TIB-0053,8,12,92,1,0,6,0,15,2,2,2,H,1,2,1,A
Tibanban,TIB-0054,7,21,31,2,11,2,3,13,1,1,2,Z,2,2,1,Z
Tibanban,TIB-0055,7,61,13,1,5,6,1,14,1,2,1,E,2,2,2,C
Tibanban,TIB-0056,4,13,13,2,14,3,4,12,3,1,1,E,3,2,1,Z
Tibanban,TIB-0057,3,72,91,2,29,1,1,14,3,2,1,D,1,1,1,C
Tibanban,TIB-0058,4,14,81,1,28,2,1,12,3,1,1,Z,1,2,1,B
Tibanban,TIB-0059,8,14,31,3,0,5,0,23,3,2,2,C,5,2,2,C
Tibanban,TIB-0060,7,61,11,1,6,5,1,11,2,1,1,G,5,2,1,A
Tibanban,TIB-0061,3,71,13,3,4,3,2,21,1,2,2,F,2,1,2,B
Tibanban,TIB-0062,3,91,11,1,16,5,0,14,3,2,1,I,5,1,2,B
Tibanban,TIB-0063,3,81,61,3,8,2,1,23,2,2,1,D,3,1,1,B
Tibanban,TIB-0064,5,31,14,3,30,1,0,14,3,2,1,A,4,2,1,C
Tibanban,TIB-0065,7,42,91,2,4,3,3,11,2,1,1,G,5,2,1,B
Tibanban,TIB-0066,4,13,51,1,20,6,5,23,2,2,2,H,5,2,1,A
Tibanban,TIB-0067,1,99,92,1,0,4,0,14,3,2,2,D,9,1,1,A
Tibanban,TIB-0068,1,41,92,3,0,4,0,14,2,2,1,B,9,1,2,C
Tibanban,TIB-0069,7,61,21,1,27,4,5,23,3,2,1,E,9,2,1,A
Tibanban,TIB-0070,3,72,21,1,17,6,4,15,3,2,2,F,4,1,2,C
Tibanban,TIB-0071,6,92,14,3,18,6,3,14,2,2,1,A,1,2,1,A
Tibanban,TIB-0072,5,42,81,3,17,2,0,14,3,2,2,Z,3,2,1,C
Tibanban,TIB-0073,2,72,92,2,0,5,0,31,3,2,1,H,1,1,1,C
Tibanban,TIB-0074,6,31,32,2,2,5,5,12,3,1,1,E,4,2,1,B
Tibanban,TIB-0075,3,11,42,2,11,6,4,12,1,1,1,Z,2,1,2,B
Tibanban,TIB-0076,3,72,72,3,28,6,2,15,3,2,1,E,1,1,1,Z
Tibanban,TIB-0077,4,61,91,3,1,1,1,21,2,2,2,D,4,2,1,C
Tibanban,TIB-0078,4,72,92,1,9,2,3,12,3,1,2,I,3,2,1,B
Tibanban,TIB-0079,4,72,99,3,17,5,5,15,3,2,2,F,3,2,2,A
Tibanban,TIB-0080,8,91,61,3,0,1,0,23,1,2,2,C,3,2,1,C
Tibanban,TIB-0081,4,42,41,2,16,2,5,14,3,2,2,Z,2,2,1,C
Tibanban,TIB-0082,5,13,41,2,20,4,3,12,1,1,2,I,5,2,1,Z
Tibanban,TIB-0083,5,12,42,2,0,3,3,12,3,1,2,I,9,2,1,C
Tibanban,TIB-0084,5,72,72,3,21,6,3,14,3,2,2,H,1,2,1,A
Tibanban,TIB-0085,3,11,12,3,30,2,0,14,1,2,2,A,3,1,1,Z
Tibanban,TIB-0086,3,13,71,2,18,5,3,12,2,1,2,A,1,1,1,C
Tibanban,TIB-0087,3,12,81,2,14,1,5,23,3,2,2,H,3,1,1,B
Tibanban,TIB-0088,6,14,51,1,20,6,1,15,3,2,2,C,4,2,2,A
Tibanban,TIB-0089,4,31,32,3,25,2,5,13,3,1,2,D,9,2,1,C
Tibanban,TIB-0090,1,32,14,2,0,3,0,31,2,2,1,G,9,1,1,Z
Tibanban,TIB-0091,7,72,71,3,22,3,1,23,1,2,1,H,2,2,2,C
Tibanban,TIB-0092,4,81,61,1,3,4,3,14,1,2,2,D,2,2,1,A
Tibanban,TIB-0093,7,61,51,2,9,4,3,13,2,1,1,H,3,2,1,C
Tibanban,TIB-0094,4,91,21,2,2,2,1,13,1,1,1,I,9,2,1,B
Tibanban,TIB-0095,4,91,61,1,30,3,5,12,2,1,2,Z,5,2,2,B
Tibanban,TIB-0096,4,91,72,2,17,2,3,12,1,1,2,I,4,2,1,C
Tibanban,TIB-0097,3,32,71,2,28,6,4,14,2,2,1,C,2,1,1,C
Tibanban,TIB-0098,1,14,72,2,0,1,0,14,3,2,2,E,1,1,1,B
Tibanban,TIB-0099,2,99,32,3,0,5,0,14,2,2,2,D,3,1,1,A
Tibanban,TIB-0100,5,72,71,3,8,4,0,23,2,2,2,E,3,2,1,C
Tibanban,TIB-0101,3,32,41,1,7,6,4,23,1,2,2,F,5,1,1,Z
Tibanban,TIB-0102,5,71,51,2,16,2,5,23,1,2,2,H,5,2,1,C
Tibanban,TIB-0103,3,92,31,3,17,4,0,13,2,1,2,E,3,1,1,C
Tibanban,TIB-0104,2,12,92,2,0,3,0,21,1,2,1,Z,3,1,1,B
Tibanban,TIB-0105,6,13,13,2,1,4,3,22,1,2,1,Z,2,2,1,A
Tibanban,TIB-0106,5,92,81,3,24,3,1,12,2,1,1,E,5,2,1,Z
Tibanban,TIB-0107,5,99,51,2,16,4,3,14,3,2,1,H,3,2,1,Z
Tibanban,TIB-0108,8,91,91,2,0,1,0,22,3,2,2,G,9,2,2,B
Tibanban,TIB-0109,2,51,12,2,0,5,0,22,1,2,2,H,5,1,1,A
Tibanban,TIB-0110,1,72,42,1,0,4,0,15,3,2,1,B,1,1,1,C
Tibanban,TIB-0111,5,61,14,1,19,1,1,23,1,2,1,F,3,2,1,Z
Tibanban,TIB-0112,4,61,13,1,3,4,4,12,1,1,1,C,4,2,2,B
Tibanban,TIB-0113,5,99,42,2,27,6,4,22,2,2,2,H,1,2,1,C
Tibanban,TIB-0114,4,32,81,1,10,6,2,14,3,2,2,B,5,2,1,Z
Tibanban,TIB-0115,4,13,21,3,1,2,3,15,3,2,1,F,9,2,2,A
Tibanban,TIB-0116,5,92,71,2,25,5,4,15,2,2,1,Z,2,2,1,A
Tibanban,TIB-0117,8,41,31,2,0,4,0,15,1,2,2,D,4,2,1,Z
Tibanban,TIB-0118,5,42,11,1,0,6,4,15,1,2,1,A,4,2,1,B
Tibanban,TIB-0119,3,41,41,2,9,1,2,14,3,2,1,I,5,1,2,Z
Tibanban,TIB-0120,4,13,81,1,8,6,3,11,3,1,1,Z,1,2,1,C
Tibanban,TIB-0121,7,32,13,1,13,2,5,23,2,2,1,B,5,2,1,C
Tibanban,TIB-0122,3,92,61,1,25,4,4,31,2,2,2,A,9,1,2,A
Tibanban,TIB-0123,3,71,41,3,4,1,2,15,3,2,2,G,2,1,2,A
Tibanban,TIB-0124,2,71,99,2,0,2,0,12,3,1,1,H,3,1,2,Z
Tibanban,TIB-0125,4,41,13,1,22,5,5,14,2,2,1,G,3,2,1,C
Tibanban,TIB-0126,5,12,92,3,28,5,5,14,3,2,1,Z,2,2,2,B
Tibanban,TIB-0127,4,32,12,2,14,5,0,15,2,2,1,F,9,2,1,C
Tibanban,TIB-0128,2,14,11,1,0,4,0,11,1,1,1,A,5,1,1,B
Tibanban,TIB-0129,6,21,14,3,17,1,1,31,1,2,2,B,2,2,1,A
Tibanban,TIB-0130,3,41,14,2,10,2,2,14,1,2,1,G,5,1,1,B
Tibanban,TIB-0131,5,51,11,1,8,2,1,15,2,2,2,C,9,2,2,C
Tibanban,TIB-0132,7,11,61,3,25,6,0,13,3,1,1,I,5,2,1,C
Tibanban,TIB-0133,6,21,51,1,3,3,1,12,1,1,2,F,2,2,1,A
Tibanban,TIB-0134,6,99,21,3,21,3,0,22,3,2,2,A,5,2,1,C
Tibanban,TIB-0135,3,91,42,3,10,5,4,13,3,1,1,F,3,1,1,Z
Tibanban,TIB-0136,1,12,32,1,0,1,0,15,3,2,1,H,4,1,1,Z
Tibanban,TIB-0137,2,92,81,1,0,2,0,31,2,2,2,E,9,1,1,C
Tibanban,TIB-0138,3,21,71,1,30,5,3,13,1,1,1,H,3,1,2,C
Tibanban,TIB-0139,7,32,21,1,3,2,0,21,3,2,2,G,1,2,2,B
Tibanban,TIB-0140,5,92,71,3,30,4,2,13,1,1,2,H,9,2,1,C
Tibanban,TIB-0141,3,81,71,1,24,5,1,14,1,2,2,I,4,1,2,Z
Tibanban,TIB-0142,4,21,71,2,14,5,1,31,2,2,2,D,2,2,1,B
Tibanban,TIB-0143,7,61,71,3,28,4,3,23,1,2,1,G,4,2,2,B
Tibanban,TIB-0144,5,11,13,2,30,4,0,15,1,2,1,B,1,2,1,C
Tibanban,TIB-0145,3,99,51,3,16,3,2,12,3,1,2,F,9,1,1,Z
Tibanban,TIB-0146,6,12,61,3,27,4,1,14,1,2,1,G,1,2,1,Z
Tibanban,TIB-0147,4,32,32,3,19,3,1,22,3,2,2,E,9,2,1,B
Tibanban,TIB-0148,6,99,92,1,25,3,0,22,1,2,2,G,9,2,1,A
Tibanban,TIB-0149,5,61,91,1,0,6,2,21,2,2,2,A,3,2,1,B
Tibanban,TIB-0150,3,31,41,2,18,6,2,23,2,2,1,F,4,1,1,B
Tibanban,TIB-0151,3,21,12,3,30,4,3,15,1,2,2,Z,4,1,1,C
Tibanban,TIB-0152,5,41,51,1,6,5,3,23,1,2,1,G,1,2,2,C
Tibanban,TIB-0153,4,21,11,3,13,3,4,23,3,2,1,E,5,2,1,C
Tibanban,TIB-0154,8,71,41,2,0,5,0,12,1,1,2,B,9,2,1,C
Tibanban,TIB-0155,4,61,14,1,2,4,4,12,1,1,2,H,1,2,2,C
Tibanban,TIB-0156,8,81,72,1,0,6,0,15,2,2,1,F,3,2,1,A
Tibanban,TIB-0157,4,31,14,1,19,3,2,14,2,2,1,Z,3,2,1,A
Tibanban,TIB-0158,8,31,42,1,0,5,0,22,1,2,2,F,3,2,1,C
Tibanban,TIB-0159,3,13,21,1,8,5,4,31,1,2,2,B,2,1,2,Z
Tibanban,TIB-0160,5,21,81,3,1,6,1,31,3,2,2,B,4,2,1,C
Tibanban,TIB-0161,5,31,31,2,26,5,2,21,3,2,2,H,9,2,1,A
Tibanban,TIB-0162,1,31,51,3,0,2,0,15,3,2,1,G,2,1,1,C
Tibanban,TIB-0163,3,92,51,3,22,6,5,14,1,2,1,D,3,1,1,A
Tibanban,TIB-0164,5,14,71,3,5,3,4,23,3,2,2,C,3,2,1,Z
Tibanban,TIB-0165,4,71,92,2,20,3,0,13,2,1,2,H,2,2,2,B
Tibanban,TIB-0166,4,99,71,1,28,3,5,14,1,2,1,H,4,2,1,A
Tibanban,TIB-0167,5,72,91,1,23,3,4,11,3,1,1,G,9,2,1,A
Tibanban,TIB-0168,4,99,12,2,21,6,3,14,1,2,1,F,5,2,2,A
Tibanban,TIB-0169,4,11,21,1,2,5,3,13,1,1,2,B,2,2,2,A
Tibanban,TIB-0170,3,91,92,3,14,3,5,22,1,2,1,B,2,1,1,B
Tibanban,TIB-0171,5,61,13,3,5,5,3,15,3,2,2,E,9,2,1,B
Tibanban,TIB-0172,5,91,21,1,20,4,3,14,1,2,2,E,2,2,2,C
Tibanban,TIB-0173,6,21,81,3,0,5,2,21,2,2,1,H,3,2,2,C
Tibanban,TIB-0174,4,12,13,3,0,3,4,15,3,2,2,C,9,2,1,B
Tibanban,TIB-0175,5,41,32,1,18,2,2,11,3,1,1,A,2,2,1,A
Tibanban,TIB-0176,2,42,11,3,0,5,0,14,1,2,1,E,3,1,1,Z
Tibanban,TIB-0177,4,71,14,1,5,2,4,12,1,1,1,C,5,2,1,A
Tibanban,TIB-0178,8,41,32,1,0,5,0,13,1,1,1,D,1,2,1,Z
Tibanban,TIB-0179,3,42,21,3,29,2,3,15,2,2,1,Z,3,1,1,C
Tibanban,TIB-0180,4,72,51,1,7,3,1,23,3,2,1,A,3,2,1,B
Tibanban,TIB-0181,5,91,12,1,28,4,1,13,2,1,2,G,4,2,1,Z
Tibanban,TIB-0182,7,14,41,2,15,4,0,12,1,1,2,E,4,2,1,B
Tibanban,TIB-0183,3,81,13,1,19,4,5,21,1,2,2,I,4,1,1,C
Tibanban,TIB-0184,7,71,12,1,3,5,1,12,2,1,1,C,1,2,1,A
Tibanban,TIB-0185,5,11,99,3,11,3,1,22,2,2,2,H,9,2,1,B
Tibanban,TIB-0186,3,99,51,3,2,3,2,12,3,1,2,I,4,1,1,C
Tibanban,TIB-0187,2,92,42,2,0,2,0,14,3,2,1,C,4,1,1,Z
Tibanban,TIB-0188,5,71,31,3,12,6,5,15,3,2,2,H,2,2,2,A
Tibanban,TIB-0189,7,99,51,2,22,4,0,14,3,2,2,B,3,2,2,C
Tibanban,TIB-0190,4,21,61,2,10,5,2,14,3,2,1,D,2,2,1,Z
Tibanban,TIB-0191,1,51,91,3,0,6,0,21,2,2,2,F,2,1,2,Z
Tibanban,TIB-0192,8,71,31,2,0,1,0,23,1,2,2,E,4,2,2,C
Tibanban,TIB-0193,4,72,14,2,0,2,5,22,1,2,1,Z,5,2,1,B
Tibanban,TIB-0194,6,31,91,3,26,3,5,13,1,1,1,G,3,2,1,A
Tibanban,TIB-0195,3,21,92,1,18,3,4,31,1,2,2,Z,3,1,1,C
Tibanban,TIB-0196,3,71,81,3,7,1,5,12,2,1,1,C,3,1,1,C
Tibanban,TIB-0197,5,13,51,3,11,6,4,11,2,1,1,I,2,2,1,C
Tibanban,TIB-0198,3,11,12,2,23,6,1,31,2,2,1,H,3,1,1,B
Tibanban,TIB-0199,5,42,11,3,30,3,0,22,2,2,2,Z,3,2,1,C
Tibanban,TIB-0200,5,12,32,3,13,4,4,13,1,1,2,F,5,2,2,C
Tibanban,TIB-0201,6,31,14,2,2,3,1,21,3,2,2,D,3,2,2,A
Tibanban,TIB-0202,4,99,71,3,21,6,3,14,3,2,1,D,1,2,1,C
Tibanban,TIB-0203,4,21,91,2,13,5,5,14,2,2,1,A,5,2,1,Z
Tibanban,TIB-0204,7,14,32,1,1,3,3,21,1,2,1,B,1,2,1,B
Tibanban,TIB-0205,5,14,11,1,0,3,3,13,2,1,1,F,3,2,2,Z
Tibanban,TIB-0206,5,21,11,2,1,2,5,22,3,2,2,Z,4,2,1,A
Tibanban,TIB-0207,3,81,72,1,28,1,2,12,3,1,1,Z,4,1,2,C
Tibanban,TIB-0208,6,12,32,1,29,5,5,12,3,1,2,A,1,2,1,Z
Tibanban,TIB-0209,3,42,21,1,24,4,5,14,2,2,1,E,1,1,1,B
Tibanban,TIB-0210,2,32,99,2,0,2,0,22,1,2,2,F,2,1,1,A
Tibanban,TIB-0211,4,11,51,3,2,1,1,12,3,1,2,F,4,2,1,B
Tibanban,TIB-0212,2,99,51,2,0,5,0,15,2,2,1,D,1,1,1,Z
Tibanban,TIB-0213,4,32,72,3,23,4,3,31,3,2,1,Z,1,2,1,Z
Tibanban,TIB-0214,3,13,11,1,8,6,5,15,1,2,1,G,3,1,1,C
Tibanban,TIB-0215,3,12,32,1,30,1,1,15,2,2,2,I,2,1,1,C
Tibanban,TIB-0216,6,92,12,1,23,6,4,14,1,2,1,E,5,2,1,B
Tibanban,TIB-0217,7,14,21,2,28,1,4,13,3,1,1,B,3,2,1,B
Tiblawan,TIB-0001,5,13,71,2,15,5,3,15,1,2,2,D,4,2,1,C
Tiblawan,TIB-0002,7,13,91,2,6,6,2,12,1,1,1,E,4,2,2,B
Tiblawan,TIB-0003,3,61,99,2,26,2,2,23,2,2,1,E,1,1,2,C
Tiblawan,TIB-0004,3,31,41,2,28,1,0,21,3,2,1,D,5,1,1,A
Tiblawan,TIB-0005,6,51,11,1,20,3,1,22,2,2,2,A,3,2,2,Z
Tiblawan,TIB-0006,4,11,81,3,23,3,3,12,1,1,1,D,5,2,1,Z
Tiblawan,TIB-0007,5,14,31,2,4,1,3,23,1,2,1,Z,2,2,1,A
Tiblawan,TIB-0008,5,42,91,2,17,4,3,15,1,2,1,E,1,2,1,Z
Tiblawan,TIB-0009,2,41,71,2,0,2,0,15,2,2,1,G,5,1,2,A
Tiblawan,TIB-0010,4,14,81,2,1,3,3,12,3,1,1,D,3,2,1,B
Tiblawan,TIB-0011,4,12,41,2,22,4,4,11,2,1,1,Z,4,2,1,A
Tiblawan,TIB-0012,3,14,91,1,23,6,5,14,2,2,2,I,2,1,2,Z
Tiblawan,TIB-0013,3,21,72,2,23,4,4,13,2,1,1,C,3,1,2,Z
Tiblawan,TIB-0014,7,11,31,3,16,2,2,21,1,2,1,H,2,2,1,Z
Tiblawan,TIB-0015,6,12,81,2,12,6,0,14,2,2,2,I,2,2,1,Z
Tiblawan,TIB-0016,4,51,11,1,16,3,1,23,3,2,2,A,1,2,2,B
Tiblawan,TIB-0017,5,51,51,3,13,3,5,11,1,1,2,F,4,2,2,C
Tiblawan,TIB-0018,2,72,13,1,0,6,0,13,3,1,2,D,5,1,2,B
Tiblawan,TIB-0019,4,14,71,3,3,4,2,23,3,2,1,E,3,2,2,Z
Tiblawan,TIB-0020,6,71,32,3,24,4,1,14,2,2,1,B,5,2,1,C
Tiblawan,TIB-0021,3,51,11,2,9,5,3,22,1,2,2,G,5,1,2,C
Tiblawan,TIB-0022,3,42,13,3,6,5,0,15,2,2,2,F,2,1,1,C
Tiblawan,TIB-0023,3,14,11,1,30,4,0,12,1,1,2,H,5,1,1,Z
Tiblawan,TIB-0024,2,61,32,2,0,3,0,22,2,2,1,G,2,1,1,Z
Tiblawan,TIB-0025,3,92,11,2,24,2,2,13,2,1,2,B,1,1,2,C
Tiblawan,TIB-0026,2,51,41,1,0,3,0,21,1,2,1,Z,3,1,2,Z
Tiblawan,TIB-0027,5,21,21,2,5,2,0,14,3,2,2,G,1,2,2,C
Tiblawan,TIB-0028,4,31,71,3,26,1,3,14,3,2,1,G,9,2,1,C
Tiblawan,TIB-0029,3,72,42,1,13,1,0,23,1,2,2,C,5,1,2,C
Tiblawan,TIB-0030,8,81,41,3,0,2,0,22,3,2,2,Z,2,2,2,B
Tiblawan,TIB-0031,4,42,31,1,11,6,1,23,2,2,2,B,4,2,1,A
Tiblawan,TIB-0032,3,92,99,2,28,6,5,23,1,2,1,H,2,1,1,A
Tiblawan,TIB-0033,2,41,11,1,0,1,0,12,3,1,1,G,5,1,1,Z
Tiblawan,TIB-0034,8,31,41,2,0,2,0,14,2,2,2,B,1,2,1,C
Tiblawan,TIB-0035,5,72,12,1,16,5,4,13,2,1,2,B,5,2,1,Z
Tiblawan,TIB-0036,2,91,99,3,0,6,0,21,2,2,1,B,5,1,1,A
Tiblawan,TIB-0037,6,91,72,1,14,3,0,13,3,1,1,D,4,2,2,Z
Tiblawan,TIB-0038,4,31,61,3,5,6,5,31,2,2,1,H,2,2,1,C
Tiblawan,TIB-0039,4,92,32,1,2,6,0,15,1,2,1,H,5,2,2,B
Tiblawan,TIB-0040,4,11,31,3,9,1,4,15,2,2,1,H,4,2,1,B
Tiblawan,TIB-0041,4,61,42,3,13,2,1,14,3,2,2,E,9,2,1,B
Tiblawan,TIB-0042,4,61,81,3,1,2,3,22,2,2,2,B,9,2,2,B
Tiblawan,TIB-0043,6,92,12,1,0,3,0,15,1,2,2,H,1,2,1,A
Tiblawan,TIB-0044,2,99,72,3,0,4,0,12,1,1,1,Z,2,1,2,C
Tiblawan,TIB-0045,2,41,91,1,0,2,0,14,2,2,1,I,4,1,1,B
Tiblawan,TIB-0046,7,61,71,2,12,2,5,12,3,1,1,I,3,2,1,C
Tiblawan,TIB-0047,3,51,41,3,2,2,2,22,1,2,2,G,4,1,1,C
Tiblawan,TIB-0048,1,14,92,2,0,2,0,23,2,2,2,A,4,1,1,B
Tiblawan,TIB-0049,2,14,61,1,0,4,0,15,2,2,1,A,4,1,1,Z
Tiblawan,TIB-0050,6,11,81,1,9,2,4,31,2,2,2,F,1,2,1,A
Tiblawan,TIB-0051,3,81,72,2,3,6,2,13,3,1,2,I,1,1,2,C
Tiblawan,TIB-0052,1,71,12,3,0,5,0,11,1,1,1,G,4,1,1,B
Tiblawan,TIB-0053,8,61,32,1,0,3,0,14,2,2,2,Z,4,2,2,Z
Tiblawan,TIB-0054,4,41,12,1,6,1,2,22,2,2,1,F,2,2,1,C
Tiblawan,TIB-0055,2,92,91,2,0,1,0,15,2,2,1,G,2,1,2,B
Tiblawan,TIB-0056,3,99,11,3,16,2,4,12,1,1,1,Z,9,1,1,A
Tiblawan,TIB-0057,2,11,51,2,0,2,0,14,1,2,1,F,5,1,1,B
Tiblawan,TIB-0058,5,42,99,2,0,1,0,12,1,1,1,I,1,2,1,A
Tiblawan,TIB-0059,7,81,92,2,9,4,1,23,1,2,1,D,1,2,1,Z
Tiblawan,TIB-0060,3,31,42,1,10,2,0,22,3,2,1,B,5,1,1,C
Tiblawan,TIB-0061,5,99,11,1,10,2,1,15,2,2,2,C,4,2,1,Z
Tiblawan,TIB-0062,4,11,51,1,18,5,4,12,2,1,1,B,3,2,1,A
Tiblawan,TIB-0063,7,81,71,2,15,6,3,12,3,1,2,Z,3,2,1,A
Tiblawan,TIB-0064,3,41,72,2,22,5,3,15,2,2,2,I,9,1,1,Z
Tiblawan,TIB-0065,7,72,72,3,25,5,4,22,2,2,2,H,2,2,1,A
Tiblawan,TIB-0066,4,13,61,1,11,5,0,21,2,2,1,B,9,2,1,Z
Tiblawan,TIB-0067,2,32,31,1,0,6,0,14,1,2,2,D,9,1,1,B
Tiblawan,TIB-0068,3,21,13,3,26,6,3,12,1,1,1,Z,1,1,2,A
Tiblawan,TIB-0069,3,81,91,1,5,6,0,14,3,2,1,G,4,1,2,Z
Tiblawan,TIB-0070,5,72,41,2,1,6,2,23,3,2,2,A,2,2,2,A
Tiblawan,TIB-0071,3,72,13,2,22,3,1,14,1,2,2,D,9,1,1,Z
Tiblawan,TIB-0072,5,32,71,3,13,4,2,15,2,2,1,Z,3,2,1,A
Tiblawan,TIB-0073,1,92,99,2,0,5,0,14,3,2,1,D,9,1,1,Z
Tiblawan,TIB-0074,5,72,61,2,15,5,0,15,1,2,2,B,3,2,1,Z
Tiblawan,TIB-0075,7,71,72,3,16,5,0,22,3,2,2,F,5,2,1,Z
Tiblawan,TIB-0076,5,81,92,2,17,6,3,15,1,2,2,H,3,2,2,C
Tiblawan,TIB-0077,4,71,11,1,6,5,5,23,2,2,1,A,3,2,1,C
Tiblawan,TIB-0078,6,14,72,1,5,4,1,23,2,2,2,G,9,2,1,A
Tiblawan,TIB-0079,1,61,11,2,0,6,0,13,3,1,1,I,5,1,2,A
Tiblawan,TIB-0080,6,61,42,3,12,4,4,31,2,2,2,I,9,2,1,C
Tiblawan,TIB-0081,7,31,81,1,9,3,2,22,1,2,2,G,9,2,1,A
Tiblawan,TIB-0082,5,72,81,2,14,2,2,13,3,1,1,B,9,2,2,C
Tiblawan,TIB-0083,6,14,13,1,15,1,2,12,2,1,2,B,5,2,1,B
Tiblawan,TIB-0084,7,61,12,2,19,3,5,14,2,2,2,G,3,2,1,C
Tiblawan,TIB-0085,2,71,14,2,0,1,0,22,3,2,2,D,2,1,2,Z
Tiblawan,TIB-0086,4,81,91,1,1,5,2,15,2,2,2,B,2,2,2,Z
Tiblawan,TIB-0087,3,72,72,3,26,5,5,23,3,2,1,A,4,1,1,B
Tiblawan,TIB-0088,2,31,99,1,0,1,0,23,1,2,2,I,9,1,1,B
Tiblawan,TIB-0089,4,31,72,1,23,5,1,11,2,1,2,G,5,2,2,A
Tiblawan,TIB-0090,4,91,11,2,28,2,3,14,3,2,1,Z,5,2,1,Z
Tiblawan,TIB-0091,4,41,41,3,24,4,4,12,3,1,2,Z,2,2,1,A
Tiblawan,TIB-0092,5,11,21,3,26,2,4,23,2,2,1,B,5,2,1,Z
Tiblawan,TIB-0093,5,14,11,1,12,2,2,15,2,2,2,H,4,2,1,C
Tiblawan,TIB-0094,4,14,91,1,25,6,3,12,3,1,2,I,5,2,1,C
Tiblawan,TIB-0095,3,72,91,1,12,1,2,14,3,2,2,E,2,1,1,C
Tiblawan,TIB-0096,4,61,32,3,29,1,3,14,3,2,1,E,2,2,1,Z
Tiblawan,TIB-0097,3,41,12,2,8,5,1,22,2,2,2,F,1,1,2,C
Tiblawan,TIB-0098,8,11,14,1,0,2,0,12,3,1,2,E,2,2,1,C
Tiblawan,TIB-0099,6,92,13,1,20,6,5,14,3,2,2,A,1,2,2,A
Upper Tibanban,UPP-0001,2,41,92,2,0,2,0,14,2,2,1,B,4,1,2,B
Upper Tibanban,UPP-0002,7,41,81,2,20,5,4,11,1,1,2,B,4,2,1,B
Upper Tibanban,UPP-0003,7,21,14,2,23,2,5,14,3,2,2,I,2,2,2,A
Upper Tibanban,UPP-0004,4,14,31,1,0,4,2,12,1,1,2,G,3,2,1,A
Upper Tibanban,UPP-0005,4,42,91,3,4,4,2,23,1,2,2,H,5,2,1,Z
Upper Tibanban,UPP-0006,4,99,61,3,25,1,0,22,2,2,1,Z,9,2,1,A
Upper Tibanban,UPP-0007,8,11,99,3,0,6,0,15,3,2,1,D,5,2,2,Z
Upper Tibanban,UPP-0008,4,71,51,1,5,4,2,21,2,2,2,G,5,2,1,Z
Upper Tibanban,UPP-0009,6,42,72,2,13,6,4,15,3,2,2,A,1,2,1,B
Upper Tibanban,UPP-0010,5,92,91,2,13,3,1,15,1,2,1,I,1,2,1,A
Upper Tibanban,UPP-0011,7,31,92,1,21,5,4,23,2,2,2,A,3,2,1,Z
Upper Tibanban,UPP-0012,3,12,81,2,12,3,1,13,1,1,1,C,5,1,2,C
Upper Tibanban,UPP-0013,6,92,51,1,21,4,2,22,2,2,1,I,2,2,1,C
Upper Tibanban,UPP-0014,5,42,12,1,8,6,5,14,2,2,1,H,3,2,2,C
Upper Tibanban,UPP-0015,4,32,14,3,2,1,2,11,2,1,1,A,4,2,1,C
Upper Tibanban,UPP-0016,2,71,92,2,0,6,0,12,1,1,1,C,2,1,2,Z
Upper Tibanban,UPP-0017,3,42,71,3,4,5,0,12,3,1,1,Z,1,1,1,Z
Upper Tibanban,UPP-0018,7,31,21,2,2,4,3,12,1,1,2,H,3,2,2,C
Upper Tibanban,UPP-0019,7,12,92,1,9,3,4,14,1,2,2,B,5,2,1,C
Upper Tibanban,UPP-0020,8,14,41,1,0,3,0,21,3,2,2,I,2,2,2,C
Upper Tibanban,UPP-0021,6,21,13,3,0,5,2,14,2,2,1,B,4,2,1,C
Upper Tibanban,UPP-0022,4,21,14,1,12,4,2,14,3,2,2,Z,4,2,2,B
Upper Tibanban,UPP-0023,4,61,72,1,4,1,5,22,1,2,2,B,3,2,1,Z
Upper Tibanban,UPP-0024,4,92,71,1,6,5,2,23,3,2,1,I,9,2,2,Z
Upper Tibanban,UPP-0025,3,51,51,1,13,4,0,23,2,2,1,G,4,1,1,Z
Upper Tibanban,UPP-0026,4,99,14,3,11,4,3,11,2,1,2,D,1,2,1,Z
Upper Tibanban,UPP-0027,4,71,41,1,17,2,5,12,1,1,2,F,5,2,2,C
Upper Tibanban,UPP-0028,7,81,51,1,24,2,0,14,2,2,1,F,4,2,1,Z
Upper Tibanban,UPP-0029,3,51,13,1,8,3,1,14,1,2,1,Z,9,1,2,Z
Upper Tibanban,UPP-0030,3,81,41,2,30,2,2,12,3,1,2,H,4,1,1,A
Upper Tibanban,UPP-0031,4,71,32,1,17,1,3,12,1,1,2,E,3,2,1,B
Upper Tibanban,UPP-0032,1,92,99,3,0,6,0,23,3,2,2,E,3,1,1,A
Crispin Dela Cruz,CRI-0001,2,61,31,1,0,6,0,21,3,2,2,F,1,1,2,A
Crispin Dela Cruz,CRI-0002,2,61,61,2,0,3,0,15,1,2,1,I,4,1,1,B
Crispin Dela Cruz,CRI-0003,6,42,51,3,11,6,5,14,1,2,2,E,2,2,2,B
Crispin Dela Cruz,CRI-0004,3,13,42,2,8,4,1,13,2,1,1,H,4,1,1,B
Crispin Dela Cruz,CRI-0005,2,72,72,1,0,2,0,13,3,1,2,D,2,1,2,Z
Crispin Dela Cruz,CRI-0006,4,51,12,1,26,1,4,15,1,2,2,E,1,2,1,Z
Crispin Dela Cruz,CRI-0007,8,61,41,2,0,3,0,22,2,2,2,A,9,2,1,C
Crispin Dela Cruz,CRI-0008,7,12,41,3,13,3,4,13,1,1,1,D,1,2,1,B
Crispin Dela Cruz,CRI-0009,4,31,11,1,21,2,4,21,3,2,2,G,4,2,2,B
Crispin Dela Cruz,CRI-0010,4,92,41,3,4,3,0,15,1,2,2,F,4,2,2,Z
Crispin Dela Cruz,CRI-0011,4,51,42,3,4,3,1,15,1,2,1,A,2,2,1,B
Crispin Dela Cruz,CRI-0012,3,51,71,1,24,1,1,21,2,2,1,B,3,1,1,B
Crispin Dela Cruz,CRI-0013,7,31,51,1,23,4,3,21,2,2,2,A,5,2,1,B
Crispin Dela Cruz,CRI-0014,5,11,91,1,4,4,1,22,2,2,2,I,3,2,1,B
Crispin Dela Cruz,CRI-0015,3,92,81,1,6,1,5,13,3,1,1,E,9,1,1,A
Crispin Dela Cruz,CRI-0016,3,92,72,3,10,6,0,21,2,2,1,I,2,1,2,B
Crispin Dela Cruz,CRI-0017,5,81,13,1,20,3,1,14,1,2,2,E,5,2,1,A
Crispin Dela Cruz,CRI-0018,4,51,14,3,27,6,1,13,3,1,1,F,4,2,2,C
Crispin Dela Cruz,CRI-0019,3,31,14,1,6,3,1,14,3,2,2,D,4,1,1,B
Crispin Dela Cruz,CRI-0020,3,12,99,2,24,5,1,14,2,2,2,Z,9,1,2,C
Crispin Dela Cruz,CRI-0021,3,11,81,2,14,1,0,14,2,2,1,F,1,1,1,B
Crispin Dela Cruz,CRI-0022,5,13,21,2,30,6,4,31,1,2,1,B,4,2,2,A
Crispin Dela Cruz,CRI-0023,5,32,31,2,18,2,1,22,1,2,1,D,5,2,1,B
Crispin Dela Cruz,CRI-0024,4,99,61,3,21,5,5,12,2,1,2,B,9,2,1,A
Crispin Dela Cruz,CRI-0025,4,42,71,1,3,2,0,15,3,2,2,G,3,2,1,A
Crispin Dela Cruz,CRI-0026,2,13,72,2,0,3,0,31,2,2,2,E,1,1,1,B
Crispin Dela Cruz,CRI-0027,8,71,72,2,0,4,0,15,2,2,1,F,5,2,1,Z
Crispin Dela Cruz,CRI-0028,3,81,13,2,19,2,2,12,2,1,1,F,4,1,1,Z
Crispin Dela Cruz,CRI-0029,2,51,13,3,0,5,0,13,3,1,1,A,4,1,1,Z
Crispin Dela Cruz,CRI-0030,4,14,91,1,18,6,4,23,1,2,1,D,9,2,1,Z
Crispin Dela Cruz,CRI-0031,3,12,99,1,12,2,2,22,2,2,1,B,2,1,2,Z
Crispin Dela Cruz,CRI-0032,5,91,32,2,13,4,2,12,1,1,2,C,4,2,1,Z
Crispin Dela Cruz,CRI-0033,3,12,61,2,6,5,2,11,2,1,2,Z,1,1,1,B
Crispin Dela Cruz,CRI-0034,4,12,32,3,23,5,4,12,3,1,2,H,4,2,2,A
Crispin Dela Cruz,CRI-0035,7,61,81,2,4,6,2,13,3,1,2,C,1,2,2,Z
Crispin Dela Cruz,CRI-0036,4,12,42,1,16,4,0,22,3,2,2,C,4,2,1,B
Crispin Dela Cruz,CRI-0037,4,13,42,1,29,5,5,15,2,2,2,Z,3,2,2,A
Crispin Dela Cruz,CRI-0038,3,14,21,3,7,6,3,11,3,1,2,D,9,1,2,A
Crispin Dela Cruz,CRI-0039,8,72,92,2,0,5,0,11,3,1,1,C,2,2,2,B
Crispin Dela Cruz,CRI-0040,4,13,11,1,22,1,1,11,3,1,1,A,9,2,2,B
Crispin Dela Cruz,CRI-0041,4,32,71,1,16,4,3,14,1,2,1,I,9,2,2,A
Crispin Dela Cruz,CRI-0042,6,72,81,1,16,3,0,14,1,2,2,B,1,2,1,Z
Crispin Dela Cruz,CRI-0043,4,92,42,2,7,2,2,15,1,2,2,C,4,2,1,Z
Crispin Dela Cruz,CRI-0044,3,51,42,2,11,6,4,31,1,2,2,Z,2,1,1,C
Crispin Dela Cruz,CRI-0045,6,91,51,1,21,3,5,14,1,2,1,B,4,2,1,Z
Crispin Dela Cruz,CRI-0046,5,31,32,3,23,2,3,23,2,2,1,G,5,2,1,C
Crispin Dela Cruz,CRI-0047,8,12,31,2,0,5,0,21,1,2,2,D,1,2,1,A
Crispin Dela Cruz,CRI-0048,6,14,41,3,21,1,4,14,3,2,2,Z,5,2,2,B
Crispin Dela Cruz,CRI-0049,7,32,41,3,8,1,5,21,1,2,2,A,5,2,1,A
Crispin Dela Cruz,CRI-0050,2,99,61,2,0,6,0,12,1,1,1,I,2,1,1,Z
